"basin_id","file_index"
"100371","000001"
"100504","000001"
"100670","000001"
"100671","000001"
"101070","000001"
"10110","000001"
"101160","000001"
"102248","000001"
"102269","000001"
"102981","000001"
"103258","000001"
"103386","000001"
"103812","000001"
"104040","000001"
"104258","000001"
"104292","000001"
"104373","000001"
"104455","000001"
"104845","000001"
"105082","000001"
"105276","000001"
"105568","000001"
"105605","000001"
"105609","000001"
"106420","000001"
"106473","000001"
"106545","000001"
"106603","000001"
"106709","000001"
"106774","000001"
"106844","000001"
"107146","000001"
"107232","000001"
"107287","000001"
"107537","000001"
"107882","000001"
"107891","000001"
"107964","000001"
"108093","000001"
"108175","000001"
"108275","000001"
"10845","000001"
"108593","000001"
"108720","000001"
"109078","000001"
"109406","000001"
"109771","000001"
"109965","000001"
"110008","000001"
"110010","000001"
"110057","000001"
"110253","000002"
"110287","000002"
"111051","000002"
"111536","000002"
"111555","000002"
"111595","000002"
"111705","000002"
"112066","000002"
"112714","000002"
"112886","000002"
"113073","000002"
"113094","000002"
"113171","000002"
"113177","000002"
"113252","000002"
"113448","000002"
"113459","000002"
"113626","000002"
"113636","000002"
"113944","000002"
"114158","000002"
"114536","000002"
"114554","000002"
"114641","000002"
"11498","000002"
"115080","000002"
"115145","000002"
"115400","000002"
"115464","000002"
"115680","000002"
"11594","000002"
"11601","000002"
"116010","000002"
"11604","000002"
"116412","000002"
"116789","000002"
"117307","000002"
"117482","000002"
"117486","000002"
"117487","000002"
"117523","000002"
"117611","000002"
"117852","000002"
"117902","000002"
"118234","000002"
"118310","000002"
"118352","000002"
"118613","000002"
"118718","000002"
"118751","000002"
"119030","000003"
"119051","000003"
"119377","000003"
"119555","000003"
"119678","000003"
"119754","000003"
"119979","000003"
"120179","000003"
"120581","000003"
"120682","000003"
"120989","000003"
"121369","000003"
"121421","000003"
"121505","000003"
"121624","000003"
"121717","000003"
"121769","000003"
"121811","000003"
"121929","000003"
"122143","000003"
"122215","000003"
"122311","000003"
"122653","000003"
"123060","000003"
"123425","000003"
"123946","000003"
"124026","000003"
"124123","000003"
"124273","000003"
"124586","000003"
"124618","000003"
"124863","000003"
"125001","000003"
"125396","000003"
"125399","000003"
"125643","000003"
"125962","000003"
"126257","000003"
"126420","000003"
"126630","000003"
"126829","000003"
"12697","000003"
"128009","000003"
"128126","000003"
"128163","000003"
"1283","000003"
"128363","000003"
"128546","000003"
"128597","000003"
"12899","000003"
"129487","000004"
"129582","000004"
"129745","000004"
"130136","000004"
"130175","000004"
"130353","000004"
"130467","000004"
"130475","000004"
"131437","000004"
"131704","000004"
"132541","000004"
"132653","000004"
"132728","000004"
"132984","000004"
"133029","000004"
"133061","000004"
"133203","000004"
"134032","000004"
"1341","000004"
"134885","000004"
"134925","000004"
"134942","000004"
"134985","000004"
"134999","000004"
"135145","000004"
"135240","000004"
"135253","000004"
"135351","000004"
"135382","000004"
"135669","000004"
"135807","000004"
"136024","000004"
"136201","000004"
"136282","000004"
"136372","000004"
"136542","000004"
"136610","000004"
"136723","000004"
"136730","000004"
"137136","000004"
"137293","000004"
"137409","000004"
"137448","000004"
"13754","000004"
"137672","000004"
"137865","000004"
"138092","000004"
"138228","000004"
"138404","000004"
"13841","000004"
"138482","000005"
"138510","000005"
"138628","000005"
"138944","000005"
"13925","000005"
"139527","000005"
"139563","000005"
"139583","000005"
"139671","000005"
"139713","000005"
"139976","000005"
"140017","000005"
"140106","000005"
"140180","000005"
"140303","000005"
"140857","000005"
"140871","000005"
"141034","000005"
"141430","000005"
"141533","000005"
"141887","000005"
"141932","000005"
"141964","000005"
"142103","000005"
"142184","000005"
"142336","000005"
"142938","000005"
"143071","000005"
"143254","000005"
"143587","000005"
"143609","000005"
"143668","000005"
"143752","000005"
"143867","000005"
"143952","000005"
"144298","000005"
"145004","000005"
"145099","000005"
"145300","000005"
"145910","000005"
"146099","000005"
"146140","000005"
"146415","000005"
"146479","000005"
"146529","000005"
"146730","000005"
"146876","000005"
"146881","000005"
"147025","000005"
"147043","000005"
"147061","000006"
"147269","000006"
"147976","000006"
"148416","000006"
"148556","000006"
"148762","000006"
"148944","000006"
"148979","000006"
"148999","000006"
"149461","000006"
"150195","000006"
"150342","000006"
"150875","000006"
"150913","000006"
"150975","000006"
"1512","000006"
"152612","000006"
"15429","000006"
"154932","000006"
"154934","000006"
"156297","000006"
"156688","000006"
"157849","000006"
"158742","000006"
"159010","000006"
"159209","000006"
"159606","000006"
"159806","000006"
"159895","000006"
"159985","000006"
"160345","000006"
"160358","000006"
"160528","000006"
"160793","000006"
"161299","000006"
"161947","000006"
"16281","000006"
"163351","000006"
"163526","000006"
"164124","000006"
"164774","000006"
"1658","000006"
"16624","000006"
"166255","000006"
"168123","000006"
"169763","000006"
"169895","000006"
"170719","000006"
"171203","000006"
"171247","000006"
"171499","000007"
"171595","000007"
"171680","000007"
"171788","000007"
"171802","000007"
"171818","000007"
"171885","000007"
"172107","000007"
"172385","000007"
"17246","000007"
"173238","000007"
"173461","000007"
"173959","000007"
"174377","000007"
"174447","000007"
"174562","000007"
"174888","000007"
"175547","000007"
"175562","000007"
"176282","000007"
"17709","000007"
"177197","000007"
"177428","000007"
"178489","000007"
"178729","000007"
"1800","000007"
"181707","000007"
"18271","000007"
"18275","000007"
"183415","000007"
"183523","000007"
"183933","000007"
"1842","000007"
"184299","000007"
"184401","000007"
"184504","000007"
"184645","000007"
"185480","000007"
"18577","000007"
"186195","000007"
"186336","000007"
"18647","000007"
"186791","000007"
"187351","000007"
"18745","000007"
"188238","000007"
"188354","000007"
"188746","000007"
"189561","000007"
"189680","000007"
"1901","000008"
"190568","000008"
"190641","000008"
"191541","000008"
"191570","000008"
"191984","000008"
"192518","000008"
"192578","000008"
"192909","000008"
"193229","000008"
"193723","000008"
"195575","000008"
"196047","000008"
"196371","000008"
"196519","000008"
"196650","000008"
"196853","000008"
"19780","000008"
"197862","000008"
"197929","000008"
"19833","000008"
"199073","000008"
"199214","000008"
"199403","000008"
"199516","000008"
"199570","000008"
"200292","000008"
"20044","000008"
"200875","000008"
"201005","000008"
"201254","000008"
"201270","000008"
"201960","000008"
"202029","000008"
"202138","000008"
"202171","000008"
"202356","000008"
"202535","000008"
"202576","000008"
"202590","000008"
"202647","000008"
"203015","000008"
"203412","000008"
"203453","000008"
"203988","000008"
"204206","000008"
"204362","000008"
"204363","000008"
"204382","000008"
"204523","000008"
"204549","000009"
"204559","000009"
"204734","000009"
"204794","000009"
"205224","000009"
"205317","000009"
"205719","000009"
"205934","000009"
"206006","000009"
"206027","000009"
"206052","000009"
"206278","000009"
"206350","000009"
"206520","000009"
"206571","000009"
"206672","000009"
"207311","000009"
"207346","000009"
"207684","000009"
"207816","000009"
"207918","000009"
"207988","000009"
"208223","000009"
"208284","000009"
"208315","000009"
"208325","000009"
"208472","000009"
"208589","000009"
"208802","000009"
"209108","000009"
"209252","000009"
"209479","000009"
"209487","000009"
"209560","000009"
"209617","000009"
"209651","000009"
"209878","000009"
"210394","000009"
"210532","000009"
"210876","000009"
"211053","000009"
"211056","000009"
"211063","000009"
"211121","000009"
"211251","000009"
"211455","000009"
"211467","000009"
"211499","000009"
"211598","000009"
"211633","000009"
"211638","000010"
"211679","000010"
"211785","000010"
"21188","000010"
"212001","000010"
"212069","000010"
"212138","000010"
"212145","000010"
"212352","000010"
"212842","000010"
"213188","000010"
"213241","000010"
"213791","000010"
"214105","000010"
"214177","000010"
"21451","000010"
"214673","000010"
"214772","000010"
"215149","000010"
"215300","000010"
"215867","000010"
"216312","000010"
"216681","000010"
"217115","000010"
"217122","000010"
"217302","000010"
"217580","000010"
"217804","000010"
"218078","000010"
"218676","000010"
"218744","000010"
"219097","000010"
"219426","000010"
"219669","000010"
"219892","000010"
"22047","000010"
"220489","000010"
"220501","000010"
"220581","000010"
"220584","000010"
"220665","000010"
"220929","000010"
"221127","000010"
"2212","000010"
"22127","000010"
"221927","000010"
"221951","000010"
"221990","000010"
"222069","000010"
"222135","000010"
"222197","000011"
"22230","000011"
"222376","000011"
"222489","000011"
"222705","000011"
"223069","000011"
"223075","000011"
"223370","000011"
"224052","000011"
"224224","000011"
"224268","000011"
"224529","000011"
"224766","000011"
"2249","000011"
"225119","000011"
"225138","000011"
"225212","000011"
"225220","000011"
"225352","000011"
"225376","000011"
"225470","000011"
"22550","000011"
"225569","000011"
"226066","000011"
"226260","000011"
"226298","000011"
"226346","000011"
"226649","000011"
"2267","000011"
"226847","000011"
"226962","000011"
"227082","000011"
"227088","000011"
"227889","000011"
"227931","000011"
"228007","000011"
"228037","000011"
"228129","000011"
"228205","000011"
"228325","000011"
"228525","000011"
"228646","000011"
"228858","000011"
"229035","000011"
"229450","000011"
"229658","000011"
"229947","000011"
"230129","000011"
"230462","000011"
"230527","000011"
"230593","000012"
"230699","000012"
"230846","000012"
"230917","000012"
"230990","000012"
"231173","000012"
"231200","000012"
"231240","000012"
"231616","000012"
"231661","000012"
"232343","000012"
"232480","000012"
"232524","000012"
"232572","000012"
"232622","000012"
"233124","000012"
"233204","000012"
"233208","000012"
"233317","000012"
"233504","000012"
"233631","000012"
"233722","000012"
"233826","000012"
"233933","000012"
"234707","000012"
"234790","000012"
"235172","000012"
"235328","000012"
"235387","000012"
"235389","000012"
"235988","000012"
"236091","000012"
"236201","000012"
"236205","000012"
"236365","000012"
"236782","000012"
"236863","000012"
"237254","000012"
"237532","000012"
"237966","000012"
"238191","000012"
"238195","000012"
"238273","000012"
"238333","000012"
"238415","000012"
"238665","000012"
"238828","000012"
"238956","000012"
"238981","000012"
"239177","000012"
"239693","000013"
"239740","000013"
"240178","000013"
"240413","000013"
"24064","000013"
"240855","000013"
"240907","000013"
"241259","000013"
"241421","000013"
"241470","000013"
"241494","000013"
"241834","000013"
"242295","000013"
"242462","000013"
"242909","000013"
"243049","000013"
"243247","000013"
"243275","000013"
"243325","000013"
"243383","000013"
"243651","000013"
"243690","000013"
"243709","000013"
"243990","000013"
"244162","000013"
"244394","000013"
"244423","000013"
"244796","000013"
"244800","000013"
"245325","000013"
"245536","000013"
"246130","000013"
"246608","000013"
"246684","000013"
"246721","000013"
"247013","000013"
"247380","000013"
"247390","000013"
"247588","000013"
"247607","000013"
"247668","000013"
"247685","000013"
"248347","000013"
"248717","000013"
"24943","000013"
"249448","000013"
"249728","000013"
"250509","000013"
"250513","000013"
"25127","000013"
"251363","000014"
"251516","000014"
"251576","000014"
"251970","000014"
"252238","000014"
"252591","000014"
"252638","000014"
"252646","000014"
"252647","000014"
"252651","000014"
"252920","000014"
"253146","000014"
"253203","000014"
"253368","000014"
"253448","000014"
"2537","000014"
"254342","000014"
"254870","000014"
"254995","000014"
"255053","000014"
"2557","000014"
"256227","000014"
"257080","000014"
"257332","000014"
"257425","000014"
"257596","000014"
"257730","000014"
"257744","000014"
"257771","000014"
"258746","000014"
"258900","000014"
"259584","000014"
"259663","000014"
"259800","000014"
"259908","000014"
"259934","000014"
"259998","000014"
"26002","000014"
"260055","000014"
"260178","000014"
"260256","000014"
"260362","000014"
"260683","000014"
"261184","000014"
"261685","000014"
"262038","000014"
"262538","000014"
"262974","000014"
"263028","000014"
"263228","000014"
"263404","000015"
"263996","000015"
"264129","000015"
"264309","000015"
"265261","000015"
"265418","000015"
"265982","000015"
"26603","000015"
"26629","000015"
"266678","000015"
"2668","000015"
"266876","000015"
"266976","000015"
"266990","000015"
"267334","000015"
"267681","000015"
"26808","000015"
"26835","000015"
"268598","000015"
"269739","000015"
"270501","000015"
"270762","000015"
"270836","000015"
"271151","000015"
"271318","000015"
"271887","000015"
"2728","000015"
"272845","000015"
"273069","000015"
"27307","000015"
"273365","000015"
"273970","000015"
"274723","000015"
"274914","000015"
"275066","000015"
"275139","000015"
"275463","000015"
"275648","000015"
"275761","000015"
"276108","000015"
"27687","000015"
"277507","000015"
"278574","000015"
"279122","000015"
"27942","000015"
"279635","000015"
"27986","000015"
"280172","000015"
"280234","000015"
"281106","000015"
"281546","000016"
"281794","000016"
"281868","000016"
"282049","000016"
"282145","000016"
"282158","000016"
"28237","000016"
"282409","000016"
"282991","000016"
"283462","000016"
"283643","000016"
"284006","000016"
"284147","000016"
"28422","000016"
"284261","000016"
"284601","000016"
"28532","000016"
"285734","000016"
"285999","000016"
"286473","000016"
"287619","000016"
"287979","000016"
"288131","000016"
"288271","000016"
"288331","000016"
"288477","000016"
"289003","000016"
"289270","000016"
"289601","000016"
"289704","000016"
"290004","000016"
"290148","000016"
"290401","000016"
"290589","000016"
"291126","000016"
"291429","000016"
"291536","000016"
"29187","000016"
"29232","000016"
"292494","000016"
"292761","000016"
"292819","000016"
"29318","000016"
"29352","000016"
"293655","000016"
"293798","000016"
"293861","000016"
"29391","000016"
"295095","000016"
"295401","000016"
"295761","000017"
"296094","000017"
"296168","000017"
"296270","000017"
"296688","000017"
"297032","000017"
"297831","000017"
"298146","000017"
"298449","000017"
"298574","000017"
"298692","000017"
"299176","000017"
"299177","000017"
"299430","000017"
"299995","000017"
"301320","000017"
"301361","000017"
"301412","000017"
"301521","000017"
"301633","000017"
"301847","000017"
"302129","000017"
"302358","000017"
"302415","000017"
"303049","000017"
"303060","000017"
"303165","000017"
"303597","000017"
"303617","000017"
"304010","000017"
"304273","000017"
"304335","000017"
"304928","000017"
"304937","000017"
"305592","000017"
"305741","000017"
"30673","000017"
"309042","000017"
"309740","000017"
"30977","000017"
"310023","000017"
"310319","000017"
"310477","000017"
"311101","000017"
"311615","000017"
"312343","000017"
"31240","000017"
"312923","000017"
"313095","000017"
"314918","000017"
"31509","000018"
"31607","000018"
"316918","000018"
"31810","000018"
"319513","000018"
"320596","000018"
"32138","000018"
"321860","000018"
"321862","000018"
"322002","000018"
"32274","000018"
"32286","000018"
"326194","000018"
"327131","000018"
"327779","000018"
"32832","000018"
"328348","000018"
"328781","000018"
"329257","000018"
"33004","000018"
"3373","000018"
"34424","000018"
"34595","000018"
"34998","000018"
"35031","000018"
"35140","000018"
"35421","000018"
"35737","000018"
"35888","000018"
"36212","000018"
"36579","000018"
"36766","000018"
"36919","000018"
"37083","000018"
"37319","000018"
"37788","000018"
"37897","000018"
"3806","000018"
"38247","000018"
"38248","000018"
"38640","000018"
"38730","000018"
"39556","000018"
"4017","000018"
"40297","000018"
"40596","000018"
"41029","000018"
"41139","000018"
"41809","000018"
"42056","000018"
"42110","000019"
"42124","000019"
"42752","000019"
"42943","000019"
"43348","000019"
"43358","000019"
"43933","000019"
"43962","000019"
"44000","000019"
"44037","000019"
"44121","000019"
"44833","000019"
"44927","000019"
"44970","000019"
"45289","000019"
"45800","000019"
"46086","000019"
"46449","000019"
"46496","000019"
"47226","000019"
"47282","000019"
"47330","000019"
"47750","000019"
"47834","000019"
"48721","000019"
"48925","000019"
"48938","000019"
"49326","000019"
"49439","000019"
"49482","000019"
"49877","000019"
"50645","000019"
"50646","000019"
"50653","000019"
"50703","000019"
"51090","000019"
"51471","000019"
"51473","000019"
"51786","000019"
"52105","000019"
"52137","000019"
"52212","000019"
"52318","000019"
"53439","000019"
"54153","000019"
"54259","000019"
"54598","000019"
"54639","000019"
"54652","000019"
"54786","000019"
"54846","000020"
"54943","000020"
"55176","000020"
"55312","000020"
"55367","000020"
"55441","000020"
"55505","000020"
"56899","000020"
"56986","000020"
"57977","000020"
"58380","000020"
"58440","000020"
"58497","000020"
"58842","000020"
"58866","000020"
"59233","000020"
"59279","000020"
"59395","000020"
"59618","000020"
"59642","000020"
"59927","000020"
"60467","000020"
"60672","000020"
"6095","000020"
"61092","000020"
"61117","000020"
"6157","000020"
"62068","000020"
"62123","000020"
"62339","000020"
"62548","000020"
"62594","000020"
"62676","000020"
"63285","000020"
"63943","000020"
"63997","000020"
"64137","000020"
"65026","000020"
"65064","000020"
"65069","000020"
"65104","000020"
"65364","000020"
"65482","000020"
"66148","000020"
"66313","000020"
"66326","000020"
"66701","000020"
"67212","000020"
"67618","000020"
"67882","000020"
"68256","000021"
"68680","000021"
"69043","000021"
"69416","000021"
"69696","000021"
"69846","000021"
"69941","000021"
"69942","000021"
"70066","000021"
"70102","000021"
"70359","000021"
"70696","000021"
"70801","000021"
"70928","000021"
"70974","000021"
"71278","000021"
"71388","000021"
"71437","000021"
"71533","000021"
"71563","000021"
"72184","000021"
"72533","000021"
"72932","000021"
"73553","000021"
"74233","000021"
"74240","000021"
"74325","000021"
"75095","000021"
"75289","000021"
"75767","000021"
"75906","000021"
"75928","000021"
"76391","000021"
"76500","000021"
"77802","000021"
"77816","000021"
"77822","000021"
"78732","000021"
"78770","000021"
"79074","000021"
"79248","000021"
"79388","000021"
"8012","000021"
"80128","000021"
"80292","000021"
"80789","000021"
"81602","000021"
"81885","000021"
"81988","000021"
"82223","000021"
"82385","000022"
"82988","000022"
"83259","000022"
"83355","000022"
"84225","000022"
"84304","000022"
"84423","000022"
"85647","000022"
"85902","000022"
"8612","000022"
"86728","000022"
"86774","000022"
"86943","000022"
"87204","000022"
"87291","000022"
"8743","000022"
"87602","000022"
"87825","000022"
"87986","000022"
"88164","000022"
"88613","000022"
"88707","000022"
"88775","000022"
"89166","000022"
"89260","000022"
"89453","000022"
"89722","000022"
"90718","000022"
"90753","000022"
"91378","000022"
"91599","000022"
"91746","000022"
"91845","000022"
"92779","000022"
"92918","000022"
"93162","000022"
"93195","000022"
"93661","000022"
"94038","000022"
"94457","000022"
"94640","000022"
"94716","000022"
"94913","000022"
"95644","000022"
"95646","000022"
"95695","000022"
"96058","000022"
"96213","000022"
"96762","000022"
"96825","000022"
"96852","000023"
"97055","000023"
"9714","000023"
"97749","000023"
"97802","000023"
"97882","000023"
"98022","000023"
"98137","000023"
"98161","000023"
"98232","000023"
"98379","000023"
"98421","000023"
"9878","000023"
"98996","000023"
"99370","000023"
"99507","000023"
"99729","000023"
"99874","000023"
"85857","000023"
"000002_1027735_sc","000023"
"000003_1015631_sc","000023"
"000005_1006180_sc","000023"
"000007_1023880_sc","000023"
"000008_1024423_sc","000023"
"000009_1018925_sc","000023"
"000010_1008445_sc","000023"
"000011_1016132_sc","000023"
"000012_1029578_sc","000023"
"000013_1013075_sc","000023"
"000014_1013337_sc","000023"
"000016_1030661_sc","000023"
"000017_1023463_sc","000023"
"000018_1008665_sc","000023"
"000019_1005972_sc","000023"
"000020_1022644_sc","000023"
"000021_1003968_sc","000023"
"000022_1027149_sc","000023"
"000023_1017796_sc","000023"
"000024_1035349_sc","000023"
"000025_1005498_sc","000023"
"000026_1039853_sc","000023"
"000027_1031922_sc","000023"
"000028_1004583_sc","000023"
"000029_1029732_sc","000023"
"000030_1029760_sc","000023"
"000031_1015604_sc","000023"
"000032_1039334_sc","000023"
"000033_1006165_sc","000023"
"000034_1010092_sc","000023"
"000035_1012201_sc","000023"
"000036_1008275_sc","000024"
"000038_1012122_sc","000024"
"000039_1016354_sc","000024"
"000040_1021293_sc","000024"
"000041_1011257_sc","000024"
"000042_1006187_sc","000024"
"000044_1041821_sc","000024"
"000045_1005819_sc","000024"
"000047_1003937_sc","000024"
"000048_1012740_sc","000024"
"000050_1028657_sc","000024"
"000051_1016945_sc","000024"
"000053_1008253_sc","000024"
"000054_1009119_sc","000024"
"000055_1008992_sc","000024"
"000056_1020479_sc","000024"
"000057_1007204_sc","000024"
"000058_1010894_sc","000024"
"000059_1038674_sc","000024"
"000060_1012640_sc","000024"
"000061_1018305_sc","000024"
"000062_1007491_sc","000024"
"000063_1010712_sc","000024"
"000064_1002720_sc","000024"
"000067_1015569_sc","000024"
"000068_1042696_sc","000024"
"000069_1004586_sc","000024"
"000070_1019955_sc","000024"
"000071_1027793_sc","000024"
"000072_1015426_sc","000024"
"000074_1015837_sc","000024"
"000077_1023424_sc","000024"
"000078_1012586_sc","000024"
"000079_1003011_sc","000024"
"000080_1027553_sc","000024"
"000081_1003259_sc","000024"
"000082_1027665_sc","000024"
"000083_1004830_sc","000024"
"000084_1001329_sc","000024"
"000086_1016692_sc","000024"
"000087_1004968_sc","000024"
"000088_1003022_sc","000024"
"000090_1001151_sc","000024"
"000091_1022290_sc","000024"
"000092_1001760_sc","000024"
"000093_1013277_sc","000024"
"000094_1025710_sc","000024"
"000095_1023964_sc","000024"
"000096_1025490_sc","000024"
"000097_1037143_sc","000024"
"000098_1005077_sc","000025"
"000099_1042326_sc","000025"
"000100_1022090_sc","000025"
"000101_1027325_sc","000025"
"000102_1008522_sc","000025"
"000103_1026753_sc","000025"
"000105_1002283_sc","000025"
"000107_1009995_sc","000025"
"000108_1030024_sc","000025"
"000109_1004778_sc","000025"
"000110_1017325_sc","000025"
"000112_1004320_sc","000025"
"000114_1018390_sc","000025"
"000115_1002703_sc","000025"
"000116_1034267_sc","000025"
"000118_1028377_sc","000025"
"000121_1022988_sc","000025"
"000123_1043421_sc","000025"
"000125_1024859_sc","000025"
"000126_1008033_sc","000025"
"000127_1012179_sc","000025"
"000128_1003641_sc","000025"
"000130_1012332_sc","000025"
"000132_1020567_sc","000025"
"000133_1013304_sc","000025"
"000134_1040490_sc","000025"
"000138_1025618_sc","000025"
"000139_1010468_sc","000025"
"000140_1036403_sc","000025"
"000141_1000241_sc","000025"
"000142_1002744_sc","000025"
"000143_1002741_sc","000025"
"000144_1003936_sc","000025"
"000145_1002565_sc","000025"
"000146_1006990_sc","000025"
"000148_1018323_sc","000025"
"000151_1005352_sc","000025"
"000153_1004665_sc","000025"
"000154_1004105_sc","000025"
"000155_1000024_sc","000025"
"000158_1043324_sc","000025"
"000160_1021219_sc","000025"
"000161_1001763_sc","000025"
"000166_1004938_sc","000025"
"000167_1017784_sc","000025"
"000169_1007227_sc","000025"
"000170_1013543_sc","000025"
"000171_1028337_sc","000025"
"000172_1043585_sc","000025"
"000173_1044042_sc","000025"
"000175_1007845_sc","000026"
"000176_1000416_sc","000026"
"000177_1001603_sc","000026"
"000178_1037355_sc","000026"
"000180_1015234_sc","000026"
"000181_1018760_sc","000026"
"000182_1017564_sc","000026"
"000183_1015633_sc","000026"
"000184_1030765_sc","000026"
"000186_1011330_sc","000026"
"000187_1023223_sc","000026"
"000189_1011771_sc","000026"
"000190_1023884_sc","000026"
"000191_1000979_sc","000026"
"000192_1030248_sc","000026"
"000194_1036054_sc","000026"
"000195_1025819_sc","000026"
"000196_1038705_sc","000026"
"000198_1000920_sc","000026"
"000199_1013279_sc","000026"
"000200_1002688_sc","000026"
"000201_1004451_sc","000026"
"000202_1035030_sc","000026"
"000204_1013605_sc","000026"
"000205_1016650_sc","000026"
"000207_1032507_sc","000026"
"000208_1044692_sc","000026"
"000209_1026709_sc","000026"
"000210_1038101_sc","000026"
"000211_1022007_sc","000026"
"000213_1014794_sc","000026"
"000214_1036954_sc","000026"
"000215_1056782_sc","000026"
"000216_1043074_sc","000026"
"000217_1002863_sc","000026"
"000219_1020818_sc","000026"
"000220_1023455_sc","000026"
"000221_1005824_sc","000026"
"000222_1037357_sc","000026"
"000223_1033621_sc","000026"
"000224_1023814_sc","000026"
"000225_1016741_sc","000026"
"000226_1000166_sc","000026"
"000228_1013498_sc","000026"
"000229_1000610_sc","000026"
"000231_1000756_sc","000026"
"000233_1003134_sc","000026"
"000234_1006785_sc","000026"
"000235_1016035_sc","000026"
"000239_1004483_sc","000026"
"000240_1001015_sc","000027"
"000241_1034831_sc","000027"
"000243_1036427_sc","000027"
"000244_1002315_sc","000027"
"000246_1004357_sc","000027"
"000247_1005174_sc","000027"
"000250_1017038_sc","000027"
"000251_1001848_sc","000027"
"000252_1014883_sc","000027"
"000253_1009296_sc","000027"
"000254_1003029_sc","000027"
"000256_1025300_sc","000027"
"000257_1006427_sc","000027"
"000258_1022474_sc","000027"
"000259_1004940_sc","000027"
"000260_1008206_sc","000027"
"000261_1036537_sc","000027"
"000262_1010301_sc","000027"
"000264_1002533_sc","000027"
"000265_1004195_sc","000027"
"000266_1017721_sc","000027"
"000267_1001625_sc","000027"
"000268_1019603_sc","000027"
"000269_1002319_sc","000027"
"000270_1014045_sc","000027"
"000271_1006723_sc","000027"
"000272_1019597_sc","000027"
"000273_1032730_sc","000027"
"000274_1034068_sc","000027"
"000276_1008467_sc","000027"
"000277_1027384_sc","000027"
"000278_1002554_sc","000027"
"000279_1026785_sc","000027"
"000282_1024382_sc","000027"
"000283_1037112_sc","000027"
"000284_1002612_sc","000027"
"000287_1008587_sc","000027"
"000289_1000614_sc","000027"
"000290_1013700_sc","000027"
"000291_1020757_sc","000027"
"000292_1001020_sc","000027"
"000293_1005694_sc","000027"
"000294_1001464_sc","000027"
"000295_1006212_sc","000027"
"000297_1002009_sc","000027"
"000298_1007768_sc","000027"
"000299_1011038_sc","000027"
"000302_1020023_sc","000027"
"000303_1021940_sc","000027"
"000304_1001194_sc","000027"
"000306_1011934_sc","000028"
"000307_1025402_sc","000028"
"000308_1032891_sc","000028"
"000309_1002238_sc","000028"
"000310_1011888_sc","000028"
"000311_1000665_sc","000028"
"000312_1002381_sc","000028"
"000313_1006033_sc","000028"
"000314_1022685_sc","000028"
"000315_1002409_sc","000028"
"000316_1033820_sc","000028"
"000317_1001544_sc","000028"
"000318_1003123_sc","000028"
"000320_1013616_sc","000028"
"000321_1006086_sc","000028"
"000322_1007082_sc","000028"
"000323_1021817_sc","000028"
"000324_1043170_sc","000028"
"000325_1002142_sc","000028"
"000326_1021581_sc","000028"
"000328_1017015_sc","000028"
"000329_1005771_sc","000028"
"000330_1021261_sc","000028"
"000331_1023677_sc","000028"
"000332_1005553_sc","000028"
"000333_1022648_sc","000028"
"000334_1000652_sc","000028"
"000336_1001910_sc","000028"
"000337_1040305_sc","000028"
"000338_1001770_sc","000028"
"000340_1031828_sc","000028"
"000343_1016458_sc","000028"
"000344_1005587_sc","000028"
"000345_1034435_sc","000028"
"000346_1008859_sc","000028"
"000347_1006417_sc","000028"
"000348_1036760_sc","000028"
"000351_1010247_sc","000028"
"000352_1025962_sc","000028"
"000353_1016241_sc","000028"
"000354_1016224_sc","000028"
"000355_1023022_sc","000028"
"000356_1001810_sc","000028"
"000357_1003906_sc","000028"
"000358_1014561_sc","000028"
"000359_1015131_sc","000028"
"000360_1000959_sc","000028"
"000361_1041171_sc","000028"
"000362_1015022_sc","000028"
"000363_1038032_sc","000028"
"000364_1008041_sc","000029"
"000365_1022647_sc","000029"
"000366_1002503_sc","000029"
"000367_1000757_sc","000029"
"000368_1002599_sc","000029"
"000369_1001021_sc","000029"
"000370_1000902_sc","000029"
"000371_1002885_sc","000029"
"000373_1023384_sc","000029"
"000374_1003423_sc","000029"
"000375_1003929_sc","000029"
"000376_1021615_sc","000029"
"000377_1045197_sc","000029"
"000378_1037109_sc","000029"
"000379_1038617_sc","000029"
"000380_1045216_sc","000029"
"000382_1002303_sc","000029"
"000383_1017563_sc","000029"
"000384_1018829_sc","000029"
"000385_1033226_sc","000029"
"000386_1001916_sc","000029"
"000387_1019607_sc","000029"
"000388_1001723_sc","000029"
"000389_1001711_sc","000029"
"000390_1001692_sc","000029"
"000391_1002226_sc","000029"
"000392_1001602_sc","000029"
"000393_1024827_sc","000029"
"000394_1020794_sc","000029"
"000395_1001558_sc","000029"
"000396_1021659_sc","000029"
"000397_1037820_sc","000029"
"000399_1009391_sc","000029"
"000400_1002557_sc","000029"
"000401_1003984_sc","000029"
"000402_1011751_sc","000029"
"000404_1001543_sc","000029"
"000405_1017866_sc","000029"
"000407_1001527_sc","000029"
"000408_1001585_sc","000029"
"000409_1000783_sc","000029"
"000410_1036875_sc","000029"
"000411_1003052_sc","000029"
"000412_1052714_sc","000029"
"000413_1015144_sc","000029"
"000414_1034168_sc","000029"
"000415_1003978_sc","000029"
"000416_1021089_sc","000029"
"000417_1008174_sc","000029"
"000418_1024643_sc","000029"
"000419_1036401_sc","000030"
"000420_1016318_sc","000030"
"000421_1032321_sc","000030"
"000424_1010714_sc","000030"
"000425_1031387_sc","000030"
"000426_1001161_sc","000030"
"000427_1006623_sc","000030"
"000429_1022513_sc","000030"
"000431_1002536_sc","000030"
"000432_1019815_sc","000030"
"000433_1000607_sc","000030"
"000434_1001670_sc","000030"
"000436_1001492_sc","000030"
"000437_1002538_sc","000030"
"000438_1007335_sc","000030"
"000439_1015545_sc","000030"
"000442_1001472_sc","000030"
"000443_1004560_sc","000030"
"000444_1011538_sc","000030"
"000445_1015778_sc","000030"
"000447_1001900_sc","000030"
"000448_1031267_sc","000030"
"000449_1001655_sc","000030"
"000450_1002518_sc","000030"
"000451_1015355_sc","000030"
"000452_1029210_sc","000030"
"000454_1023468_sc","000030"
"000455_1037024_sc","000030"
"000456_1044370_sc","000030"
"000458_1001753_sc","000030"
"000460_1039950_sc","000030"
"000461_1000236_sc","000030"
"000462_1004408_sc","000030"
"000463_1024568_sc","000030"
"000464_1001637_sc","000030"
"000465_1001949_sc","000030"
"000467_1000578_sc","000030"
"000468_1000576_sc","000030"
"000469_1002335_sc","000030"
"000470_1013373_sc","000030"
"000471_1014857_sc","000030"
"000472_1037296_sc","000030"
"000473_1000256_sc","000030"
"000474_1035627_sc","000030"
"000475_1008625_sc","000030"
"000476_1009710_sc","000030"
"000477_1043105_sc","000030"
"000478_1016577_sc","000030"
"000479_1027063_sc","000030"
"000480_1001399_sc","000030"
