"Hylak_id","Lake_name","Country","Continent","Poly_src","Lake_type","Grand_id","Lake_area","Shore_len","Shore_dev","Vol_total","Vol_res","Vol_src","Depth_avg","Dis_avg","Res_time","Elevation","Slope_100","Wshd_area","HRT","T_AIR","HRT_sec","Wind","basin_id","Pour_long","Pour_lat"
154516,NA,"Norway","Europe","ECRINS",1,0,2.4,12.83,2.34,38.71,0,3,16.2,0.314,1427,1343,9.69,13,18493920000,4.18535041809082,18493920000,6.60744285583496,"000241_1034831_sc",8.019999,61.295402
154548,NA,"Norway","Europe","ECRINS",1,0,7.39,21.35,2.21,368.61,0,3,49.9,16.774,254.3,223,24.63,687.6,3295728000,4.18535041809082,3295728000,6.38440108299255,"000241_1034831_sc",7.749122,61.281309
154570,NA,"Norway","Europe","ECRINS",1,0,1.67,8.7,1.9,15.97,0,3,9.6,0.784,235.8,1053,5.94,32.7,3055968000,4.18535041809082,3055968000,6.60744285583496,"000241_1034831_sc",8.032923,61.267145
154594,NA,"Norway","Europe","ECRINS",1,0,1.23,6.77,1.73,32.6,0,3,26.6,0.639,590.6,1004,22.12,26,7654176000,4.18535041809082,7654176000,6.38440108299255,"000241_1034831_sc",7.811581,61.253345
1276641,NA,"Norway","Europe","ECRINS",1,0,0.17,2.8,1.92,0.91,0,3,5.4,0.619,17,1206,6.38,27.2,220320000,4.18535041809082,220320000,6.60744285583496,"000241_1034831_sc",8.139395,61.512637
1278138,NA,"Norway","Europe","ECRINS",1,0,0.17,2.58,1.79,1.09,0,3,6.6,0.203,62.3,1239,9.83,8.3,807408000,4.18535041809082,807408000,6.60744285583496,"000241_1034831_sc",7.978412,61.296489
1278616,NA,"Norway","Europe","ECRINS",1,0,0.74,5.36,1.76,7.73,0,3,10.5,0.326,274.5,1213,16.05,13.3,3557520000,3.56384658813477,3557520000,6.16135931015015,"000241_1034831_sc",7.877555,61.23628
154823,NA,"Sweden","Europe","ECRINS",1,0,2.93,13.63,2.25,16.92,0,3,5.8,0.467,419.3,290,2.68,54.3,5434128000,6.37858819961548,5434128000,5.22749853134155,"000243_1036427_sc",16.244792,61.115484
154981,NA,"Sweden","Europe","ECRINS",1,0,1.7,10.75,2.33,7.51,0,3,4.4,2.006,43.3,243,2.38,229.2,561168000,6.37858819961548,561168000,5.82638740539551,"000243_1036427_sc",16.327083,61.03204
155200,NA,"Sweden","Europe","ECRINS",1,0,2.21,6,1.14,14.76,0,3,6.7,1.521,112.3,288,3.52,155.2,1455408000,4.57596731185913,1455408000,4.6286096572876,"000243_1036427_sc",16.079592,60.912243
155219,NA,"Sweden","Europe","ECRINS",1,0,2.15,8.34,1.6,8.01,0,3,3.7,10.721,8.7,67,1.78,1129.2,112752000,6.37858819961548,112752000,5.82638740539551,"000243_1036427_sc",16.717088,60.896941
155262,NA,"Sweden","Europe","ECRINS",1,0,2.64,17.2,2.99,12.79,0,3,4.8,0.086,1721.1,64,2.26,8.6,22305456000,6.37858819961548,22305456000,5.82638740539551,"000243_1036427_sc",16.785297,60.863836
155305,NA,"Sweden","Europe","ECRINS",1,0,4.57,26.37,3.48,19.39,0,3,4.2,11.443,19.6,66,1.59,1201.2,254016000,6.37858819961548,254016000,5.82638740539551,"000243_1036427_sc",16.851278,60.835599
155377,NA,"Sweden","Europe","ECRINS",1,0,1.45,10.65,2.49,8.92,0,3,6.2,14.73,7,36,3.7,1521.1,90720000,6.37858819961548,90720000,5.82638740539551,"000243_1036427_sc",17.075761,60.79488
1279367,NA,"Sweden","Europe","ECRINS",1,0,0.13,1.75,1.37,0.33,0,3,2.6,0.403,9.5,296,1.5,46.9,123120000,4.57596731185913,123120000,4.6286096572876,"000243_1036427_sc",16.213368,61.128092
1279624,NA,"Sweden","Europe","ECRINS",1,0,0.12,1.84,1.48,0.37,0,3,3,0.738,5.8,269,2.13,85.7,75168000,6.37858819961548,75168000,5.82638740539551,"000243_1036427_sc",16.271875,61.08565
1279725,NA,"Sweden","Europe","ECRINS",1,0,0.66,3.92,1.36,2.87,0,3,4.4,0.022,1510.2,258,2.7,2.5,19572192000,6.37858819961548,19572192000,5.82638740539551,"000243_1036427_sc",16.295627,61.070715
1279774,NA,"Sweden","Europe","ECRINS",1,0,0.8,6.23,1.96,3.03,0,3,3.8,0.252,139.3,264,1.88,28.5,1805328000,6.37858819961548,1805328000,5.82638740539551,"000243_1036427_sc",16.327206,61.063953
1280700,NA,"Sweden","Europe","ECRINS",1,0,0.44,3.66,1.56,1.92,0,3,4.4,0.656,33.9,308,3.13,68.2,439344000,4.57596731185913,439344000,4.6286096572876,"000243_1036427_sc",16.023958,60.944701
1280712,NA,"Sweden","Europe","ECRINS",1,0,0.23,2.74,1.62,0.89,0,3,3.9,0.006,1725.1,212,3,0.6,22357296000,6.37858819961548,22357296000,5.82638740539551,"000243_1036427_sc",16.38123,60.943458
1280879,NA,"Sweden","Europe","ECRINS",1,0,0.64,4.42,1.56,2.74,0,3,4.3,8.3,3.8,112,2.58,881.6,49248000,6.37858819961548,49248000,5.82638740539551,"000243_1036427_sc",16.551312,60.921322
1280891,NA,"Sweden","Europe","ECRINS",1,0,0.87,7.69,2.33,3.68,0,3,4.2,8.513,5,102,2.3,903.6,64800000,6.37858819961548,64800000,5.82638740539551,"000243_1036427_sc",16.613788,60.919667
1280971,NA,"Sweden","Europe","ECRINS",1,0,0.31,3.57,1.81,1.27,0,3,4.1,1.691,8.7,294,3.02,172.4,112752000,4.57596731185913,112752000,4.6286096572876,"000243_1036427_sc",16.13511,60.911707
1281016,NA,"Sweden","Europe","ECRINS",1,0,0.17,2.75,1.9,0.69,0,3,4.1,0.033,242.6,280,3.71,3.4,3144096000,4.57596731185913,3144096000,4.6286096572876,"000243_1036427_sc",16.16321,60.907127
1281668,NA,"Sweden","Europe","ECRINS",1,0,0.94,7,2.03,4.41,0,3,4.7,12.921,4,71,2.76,1345.9,51840000,6.37858819961548,51840000,5.82638740539551,"000243_1036427_sc",16.878669,60.815697
1281686,NA,"Sweden","Europe","ECRINS",1,0,0.14,1.63,1.21,0.48,0,3,3.4,0.034,165,27,2.57,3.2,2138400000,6.37858819961548,2138400000,5.82638740539551,"000243_1036427_sc",17.115332,60.813218
1281692,NA,"Sweden","Europe","ECRINS",1,0,0.23,2.47,1.45,0.84,0,3,3.7,0.055,177.1,30,2.59,5.2,2295216000,6.37858819961548,2295216000,5.82638740539551,"000243_1036427_sc",17.121124,60.812406
1281856,NA,"Sweden","Europe","ECRINS",1,0,0.81,6.4,2.01,3.37,0,3,4.2,13.061,3,73,2.31,1359.5,38880000,6.37858819961548,38880000,5.82638740539551,"000243_1036427_sc",16.913145,60.791981
1281861,NA,"Sweden","Europe","ECRINS",1,0,0.67,5.7,1.97,3.25,0,3,4.9,14.827,2.5,29,3.36,1530.6,32400000,6.37858819961548,32400000,5.82638740539551,"000243_1036427_sc",17.102083,60.791315
1282045,NA,"Sweden","Europe","ECRINS",1,0,0.64,4.04,1.42,3,0,3,4.7,0.885,39.3,95,3.16,86.6,509328000,6.37858819961548,509328000,5.82638740539551,"000243_1036427_sc",16.752083,60.763615
11144,NA,"Norway","Europe","ECRINS",1,0,10.22,49.65,4.38,257.12,0,3,25.2,0.953,3122.7,244,7.94,104.2,40470192000,0.597771346569061,40470192000,6.26338720321655,"000246_1004357_sc",25.216174,69.654766
132916,NA,"Norway","Europe","ECRINS",1,0,4.95,28.54,3.62,105,0,3,21.2,14.181,85.7,27,10.34,1488.4,1110672000,0.597771346569061,1110672000,6.26338720321655,"000246_1004357_sc",24.96148,69.930159
133056,NA,"Norway","Europe","ECRINS",1,0,4.17,14.64,2.02,98.97,0,3,23.7,10.886,105.2,40,12.55,1174.7,1363392000,0.597771346569061,1363392000,6.26338720321655,"000246_1004357_sc",25.03268,69.858721
133087,NA,"Norway","Europe","ECRINS",1,0,7.36,28.18,2.93,176.67,0,3,24,4.686,436.4,78,10.41,468.3,5655744000,0.597771346569061,5655744000,6.26338720321655,"000246_1004357_sc",25.169342,69.837088
133104,NA,"Norway","Europe","ECRINS",1,0,4.04,11.04,1.55,72.84,0,3,18,1.099,767.1,438,9.18,80.9,9941616000,0.597771346569061,9941616000,6.26338720321655,"000246_1004357_sc",24.643304,69.830818
133198,NA,"Norway","Europe","ECRINS",1,0,1.45,14.25,3.33,15.28,0,3,10.5,2.21,80,206,6.96,211.7,1036800000,0.597771346569061,1036800000,6.26338720321655,"000246_1004357_sc",25.071198,69.779003
133397,NA,"Norway","Europe","ECRINS",1,0,2.65,22.12,3.83,19.17,0,3,7.2,1.165,190.5,264,3.62,128.4,2468880000,0.597771346569061,2468880000,6.26338720321655,"000246_1004357_sc",25.172836,69.679707
1168610,NA,"Norway","Europe","ECRINS",1,0,0.34,2.36,1.14,2.29,0,3,6.8,0.289,91.7,575,8.19,19.4,1188432000,0.597771346569061,1188432000,6.26338720321655,"000246_1004357_sc",24.647917,69.937066
1169249,NA,"Norway","Europe","ECRINS",1,0,0.3,2.72,1.41,2.34,0,3,7.9,2.98,9.1,65,11.77,251.9,117936000,0.597771346569061,117936000,6.26338720321655,"000246_1004357_sc",24.92344,69.87969
1169558,NA,"Norway","Europe","ECRINS",1,0,0.41,7.4,3.24,2.99,0,3,7.2,2.758,12.5,79,8.76,231.7,1.62e+08,0.597771346569061,1.62e+08,6.26338720321655,"000246_1004357_sc",24.899741,69.854643
1169708,NA,"Norway","Europe","ECRINS",1,0,0.55,4.7,1.78,5.24,0,3,9.5,2.708,22.4,84,14.22,224.9,290304000,0.597771346569061,290304000,6.26338720321655,"000246_1004357_sc",24.936458,69.840941
1170008,NA,"Norway","Europe","ECRINS",1,0,0.22,2.27,1.36,1.33,0,3,6,0.053,290.3,289,7.2,4.6,3762288000,0.597771346569061,3762288000,6.26338720321655,"000246_1004357_sc",25.533887,69.814028
1170912,NA,"Norway","Europe","ECRINS",1,0,0.1,1.63,1.42,0.7,0,3,6.7,1.614,5,218,11.49,179,64800000,0.597771346569061,64800000,6.26338720321655,"000246_1004357_sc",25.175884,69.74243
1171462,NA,"Norway","Europe","ECRINS",1,0,0.5,7.7,3.08,2.68,0,3,5.4,1.541,20.2,264,4.59,168.2,261792000,0.597771346569061,261792000,6.26338720321655,"000246_1004357_sc",25.169028,69.70036
1171768,NA,"Norway","Europe","ECRINS",1,0,0.21,3.6,2.24,0.86,0,3,4.2,0.293,34,264,3.53,28.7,440640000,0.597771346569061,440640000,6.26338720321655,"000246_1004357_sc",25.036993,69.678436
1171838,NA,"Norway","Europe","ECRINS",1,0,0.11,1.98,1.7,0.45,0,3,4.1,1.143,4.5,260,4.25,125.6,58320000,0.597771346569061,58320000,6.26338720321655,"000246_1004357_sc",25.182971,69.674891
134098,NA,"Russia","Europe","MODIS",1,0,3.7,11.66,1.71,28.95,0,3,7.8,0.34,985.4,144,3.53,25.6,12770784000,1.18272268772125,12770784000,6.90024852752686,"000247_1005174_sc",31.483681,69.424708
134169,NA,"Russia","Europe","MODIS",1,0,1.08,5.51,1.5,3.97,0,3,3.7,0.103,445.6,142,2.23,7.6,5774976000,1.18272268772125,5774976000,6.90024852752686,"000247_1005174_sc",31.890054,69.402016
134266,NA,"Russia","Europe","MODIS",1,0,2.64,7.26,1.26,9.57,0,3,3.6,0.732,151.4,123,1.61,59.6,1962144000,1.18272268772125,1962144000,6.90024852752686,"000247_1005174_sc",31.526042,69.36357
134274,NA,"Russia","Europe","MODIS",1,0,1.71,9.28,2,6.28,0,3,3.7,5.745,12.6,116,1.9,510.4,163296000,1.18272268772125,163296000,6.90024852752686,"000247_1005174_sc",31.417708,69.36047
134460,NA,"Russia","Europe","MODIS",1,0,1.37,5.63,1.36,5.21,0,3,3.8,0.174,346.6,197,2.13,14.1,4491936000,1.18272268772125,4491936000,6.90024852752686,"000247_1005174_sc",31.545226,69.291986
134725,NA,"Russia","Europe","MODIS",1,0,3.34,11.35,1.75,19.73,0,3,5.9,0.168,1359.5,184,2.63,14.3,17619120000,1.18272268772125,17619120000,6.71720671653748,"000247_1005174_sc",31.257729,69.203125
135134,NA,"Russia","Europe","MODIS",1,0,3.6,11.16,1.66,19.77,0,3,5.5,0.261,876.8,201,2.35,24.2,11363328000,0.919847965240479,11363328000,6.5341649055481,"000247_1005174_sc",30.839579,69.093745
1173706,NA,"Russia","Europe","MODIS",1,0,0.27,2.1,1.14,1.39,0,3,5.1,0.269,59.8,140,5,17.4,775008000,1.18272268772125,775008000,6.90024852752686,"000247_1005174_sc",31.774387,69.558012
1173724,NA,"Russia","Europe","MODIS",1,0,0.21,2.39,1.46,1.2,0,3,5.6,0.185,75.1,190,6.43,12.8,973296000,1.18272268772125,973296000,6.90024852752686,"000247_1005174_sc",31.539339,69.557329
1174287,NA,"Russia","Europe","MODIS",1,0,0.48,3.09,1.26,2.11,0,3,4.4,1.422,17.1,155,3.05,95.5,221616000,1.18272268772125,221616000,6.90024852752686,"000247_1005174_sc",31.676042,69.523969
1175777,NA,"Russia","Europe","MODIS",1,0,0.56,3.18,1.2,2.47,0,3,4.4,0.727,39.3,132,2.9,54.3,509328000,1.18272268772125,509328000,6.90024852752686,"000247_1005174_sc",31.863884,69.429887
1176285,NA,"Russia","Europe","MODIS",1,0,0.31,2.53,1.29,1.44,0,3,4.7,7.577,2.2,107,3.98,657.4,28512000,1.18272268772125,28512000,6.90024852752686,"000247_1005174_sc",31.56043,69.393855
1176669,NA,"Russia","Europe","MODIS",1,0,0.36,2.7,1.27,1.59,0,3,4.4,0.106,174.1,193,3.3,8,2256336000,1.18272268772125,2256336000,6.90024852752686,"000247_1005174_sc",31.826563,69.36751
1176967,NA,"Russia","Europe","MODIS",1,0,0.86,5.32,1.62,5.09,0,3,5.9,0.041,1438.2,164,4.67,3.1,18639072000,1.18272268772125,18639072000,6.90024852752686,"000247_1005174_sc",31.665662,69.349003
1177137,NA,"Russia","Europe","MODIS",1,0,0.43,3,1.29,2.14,0,3,4.9,0.305,81.1,171,3.94,23.9,1051056000,1.18272268772125,1051056000,6.90024852752686,"000247_1005174_sc",31.678125,69.338542
1179108,NA,"Russia","Europe","MODIS",1,0,0.21,2.43,1.48,0.63,0,3,3,0.595,12.3,139,1.71,50.8,159408000,0.919847965240479,159408000,6.5341649055481,"000247_1005174_sc",31.17846,69.217599
10737,NA,"Russia","Europe","MODIS",1,0,53.71,94.07,3.62,2041.39,0,3,38,5.214,4531.5,11,7.99,421.1,58728240000,-8.04951572418213,58728240000,6.97016501426697,"000251_1001848_sc",56.13125,74.153238
124820,NA,"Russia","Europe","MODIS",1,0,5.59,19.25,2.3,240.3,0,3,43,1.083,2568.1,40,22.84,88.1,33282576000,-8.04951572418213,33282576000,6.97016501426697,"000251_1001848_sc",56.299129,74.230038
1126405,NA,"Russia","Europe","MODIS",1,0,0.57,5.6,2.09,5.73,0,3,10,0.141,470.5,75,15.81,11.5,6097680000,-8.04951572418213,6097680000,6.85922050476074,"000251_1001848_sc",56.377083,74.188462
1126487,NA,"Russia","Europe","MODIS",1,0,0.21,1.99,1.23,1.23,0,3,5.9,0.015,952.8,176,7.22,1.2,12348288000,-8.04951572418213,12348288000,6.85922050476074,"000251_1001848_sc",56.922899,74.143816
1126497,NA,"Russia","Europe","MODIS",1,0,0.37,3.14,1.46,3.14,0,3,8.5,0.533,68.2,107,12.94,43.6,883872000,-8.04951572418213,883872000,6.85922050476074,"000251_1001848_sc",56.876042,74.136593
1126532,NA,"Russia","Europe","MODIS",1,0,0.19,2.03,1.3,1.01,0,3,5.2,0.724,16.2,31,5.72,59,209952000,-8.04951572418213,209952000,6.85922050476074,"000251_1001848_sc",56.885676,74.10583
1201856,NA,"Russia","Europe","MODIS",1,0,0.7,4.23,1.42,5.07,0,3,7.2,12.117,4.8,13,7.41,1102.6,62208000,-1.86473536491394,62208000,5.94791507720947,"000253_1009296_sc",50.339583,67.970948
1203369,NA,"Russia","Europe","MODIS",1,0,0.41,2.57,1.14,1.85,0,3,4.5,0.017,1261,54,3.39,1.4,16342560000,-1.86473536491394,16342560000,5.94791507720947,"000253_1009296_sc",50.73323,67.861345
147881,NA,"Russia","Europe","MODIS",1,0,6.49,19.36,2.14,23.35,0,3,3.6,17.57,15.4,13,1.16,2010.1,199584000,0.591888308525085,199584000,5.24163722991943,"000256_1025300_sc",36.058854,63.926415
147889,NA,"Russia","Europe","MODIS",1,0,1.87,5.88,1.21,3.67,0,3,2,17.759,2.4,10,0.88,2029.3,31104000,0.591888308525085,31104000,5.24163722991943,"000256_1025300_sc",36.134374,63.925084
149330,NA,"Russia","Europe","MODIS",1,0,2.22,9.75,1.85,6.17,0,3,2.8,0.193,369.9,165,1.25,20.1,4793904000,1.62521314620972,4793904000,4.39180374145508,"000256_1025300_sc",35.959375,63.509439
1249179,NA,"Russia","Europe","MODIS",1,0,0.29,2.34,1.23,1.65,0,3,5.7,11.603,1.6,25,6.1,1325.9,20736000,0.591888308525085,20736000,5.24163722991943,"000256_1025300_sc",36.076042,63.859431
135727,NA,"Norway","Europe","ECRINS",1,0,1.44,8.32,1.96,13.02,0,3,9,1.322,114,388,5.84,43.6,1477440000,2.45062160491943,1477440000,7.06894302368164,"000257_1006427_sc",18.095498,68.949743
136055,NA,"Norway","Europe","ECRINS",1,0,1.18,5.48,1.42,12.46,0,3,10.6,14.288,10.1,18,7.52,465.9,130896000,2.45062160491943,130896000,7.06894302368164,"000257_1006427_sc",17.869822,68.870325
136091,NA,"Norway","Europe","ECRINS",1,0,2.86,7.89,1.32,38.4,0,3,13.4,11.565,38.4,7,7.31,393.4,497664000,2.45062160491943,497664000,7.06894302368164,"000257_1006427_sc",17.936786,68.862124
136391,NA,"Norway","Europe","ECRINS",1,0,2.27,9.28,1.74,32.59,0,3,14.3,0.502,751.4,568,8.58,16.9,9738144000,2.45062160491943,9738144000,7.06894302368164,"000257_1006427_sc",18.001014,68.797811
137117,NA,"Norway","Europe","ECRINS",1,0,1.49,7.42,1.72,26.79,0,3,18,0.756,410.1,421,13,28,5314896000,-0.238922491669655,5314896000,5.36758184432983,"000257_1006427_sc",18.135134,68.620619
137410,NA,"Norway","Europe","ECRINS",1,0,2.21,8.04,1.53,53.89,0,3,24.4,0.334,1867.6,806,16.26,12.9,24204096000,-0.238922491669655,24204096000,5.36758184432983,"000257_1006427_sc",18.151786,68.552731
1185815,NA,"Norway","Europe","ECRINS",1,0,0.1,2.48,2.21,0.24,0,3,2.4,10.934,0.3,9,1.37,385.6,3888000,2.45062160491943,3888000,7.06894302368164,"000257_1006427_sc",18.019503,68.86217
1187774,NA,"Norway","Europe","ECRINS",1,0,0.48,3.77,1.53,3.94,0,3,8.2,0.199,229,707,10.93,6.6,2967840000,2.45062160491943,2967840000,7.06894302368164,"000257_1006427_sc",17.969417,68.767112
1197982,NA,"Russia","Europe","MODIS",1,0,0.27,2.21,1.21,1.11,0,3,4.2,7.435,1.7,11,3.23,693.7,22032000,-1.86473536491394,22032000,5.94791507720947,"000260_1008206_sc",51.196614,68.216884
1198972,NA,"Russia","Europe","MODIS",1,0,0.1,1.39,1.23,0.19,0,3,1.9,5.566,0.4,9,0.88,495.3,5184000,-2.68681120872498,5184000,5.85480403900146,"000260_1008206_sc",51.301012,68.155151
12618,NA,"Finland","Europe","Other",1,0,14.43,93.4,6.94,323.39,0,3,22.4,3.515,1064.8,62,6.68,326.1,13799808000,4.03060913085938,13799808000,4.06319284439087,"000261_1036537_sc",27.525291,60.971454
12629,NA,"Finland","Europe","ECRINS",1,0,76.38,268.03,8.65,1618.74,0,3,21.2,5.412,3461.8,64,4.46,490.2,44864928000,4.03060913085938,44864928000,4.06319284439087,"000261_1036537_sc",27.697024,60.941373
154993,NA,"Finland","Europe","ECRINS",1,0,1.21,5.15,1.32,5.55,0,3,4.6,0.119,539.6,81,2.8,12,6993216000,4.03060913085938,6993216000,4.06319284439087,"000261_1036537_sc",27.880208,61.027417
155087,NA,"Finland","Europe","ECRINS",1,0,3.94,13.22,1.88,46.99,0,3,11.9,0.102,5331.6,60,5.68,9.5,69097536000,4.03060913085938,69097536000,4.06319284439087,"000261_1036537_sc",27.332453,60.975988
155170,NA,"Finland","Europe","ECRINS",1,0,3.39,15.57,2.39,34.51,0,3,10.2,0.416,960.2,52,4.98,38.5,12444192000,4.03060913085938,12444192000,4.06319284439087,"000261_1036537_sc",27.807767,60.932026
155404,NA,"Finland","Europe","ECRINS",1,0,2.53,16.01,2.84,21.46,0,3,8.5,11.18,22.2,26,4.45,978.4,287712000,4.03060913085938,287712000,4.06319284439087,"000261_1036537_sc",27.888542,60.782673
155455,NA,"Russia","Europe","MODIS",1,0,4.14,19.33,2.68,38.37,0,3,9.3,0.027,16448.7,18,4.15,2.7,213175152000,4.03060913085938,213175152000,4.06319284439087,"000261_1036537_sc",28.160417,60.751563
155567,NA,"Finland","Europe","ECRINS",1,0,4.49,23.52,3.13,32.37,0,3,7.2,11.933,31.4,11,3,1019.5,406944000,4.03060913085938,406944000,4.06319284439087,"000261_1036537_sc",27.997891,60.689611
155570,NA,"Finland","Europe","Other",1,0,3.59,27.43,4.09,30.54,0,3,8.5,1.626,217.4,15,3.95,136.9,2817504000,4.03060913085938,2817504000,4.06319284439087,"000261_1036537_sc",27.890625,60.686741
1280309,NA,"Finland","Europe","ECRINS",1,0,0.22,3,1.81,1.17,0,3,5.4,0.615,22.1,69,5.81,61,286416000,4.03060913085938,286416000,4.06319284439087,"000261_1036537_sc",27.528311,60.993645
1281931,NA,"Finland","Europe","ECRINS",1,0,0.9,9.82,2.92,5.55,0,3,6.1,0.604,106.4,29,4.95,56.8,1378944000,4.03060913085938,1378944000,4.06319284439087,"000261_1036537_sc",28.030208,60.782788
1281937,NA,"Finland","Europe","ECRINS",1,0,0.3,3.4,1.76,1.54,0,3,5.2,0.811,22,55,4.9,69,285120000,4.03060913085938,285120000,4.06319284439087,"000261_1036537_sc",27.766112,60.781759
1282729,NA,"Finland","Europe","ECRINS",1,0,0.71,10.91,3.66,2.87,0,3,4.1,1.865,17.8,15,2.25,157.2,230688000,4.03060913085938,230688000,4.06319284439087,"000261_1036537_sc",27.917786,60.671292
11850,NA,"Russia","Europe","MODIS",1,0,13.14,43.62,3.39,115.67,0,3,8.8,8.234,162.6,61,3.02,1142.1,2107296000,0.485388159751892,2107296000,4.79516506195068,"000266_1017721_sc",33.680208,65.599203
144274,NA,"Russia","Europe","MODIS",1,0,1.53,9.03,2.06,5.7,0,3,3.7,0.157,420.5,59,2.01,20.7,5449680000,0.485388159751892,5449680000,4.79516506195068,"000266_1017721_sc",33.317708,65.667631
144286,NA,"Russia","Europe","MODIS",1,0,1.88,8.04,1.66,7.51,0,3,4,0.228,381.4,59,2.04,32,4942944000,0.485388159751892,4942944000,4.79516506195068,"000266_1017721_sc",33.575575,65.657926
144346,NA,"Russia","Europe","MODIS",1,0,5.65,21.1,2.51,32.52,0,3,5.8,6.462,58.2,58,2.12,881.9,754272000,0.485388159751892,754272000,4.79516506195068,"000266_1017721_sc",33.608604,65.620713
144448,NA,"Russia","Europe","MODIS",1,0,7.01,23.9,2.55,43.62,0,3,6.2,2.788,181.1,68,2.15,378.5,2347056000,0.485388159751892,2347056000,4.79516506195068,"000266_1017721_sc",33.330208,65.567754
144555,NA,"Russia","Europe","MODIS",1,0,3.35,13.46,2.08,21.57,0,3,6.4,0.159,1570.2,65,2.91,23.8,20349792000,0.485388159751892,20349792000,4.79516506195068,"000266_1017721_sc",33.54375,65.50625
144629,NA,"Russia","Europe","MODIS",1,0,3.6,18.97,2.82,31,0,3,8.6,0.201,1785.3,81,3.99,28.3,23137488000,0.485388159751892,23137488000,4.79516506195068,"000266_1017721_sc",33.30625,65.464583
1228819,NA,"Russia","Europe","MODIS",1,0,0.5,3.13,1.25,2.64,0,3,5.3,0.019,1609.3,46,4.31,3,20856528000,0.591888308525085,20856528000,5.24163722991943,"000266_1017721_sc",33.775844,65.567659
1228858,NA,"Russia","Europe","MODIS",1,0,0.24,2.1,1.2,1.75,0,3,7.1,0.015,1349.1,59,10.16,2.5,17484336000,0.591888308525085,17484336000,5.24163722991943,"000266_1017721_sc",33.905208,65.563797
1229056,NA,"Russia","Europe","MODIS",1,0,0.25,2.65,1.5,1.03,0,3,4.2,9.072,1.3,39,3.32,1276.5,16848000,0.591888308525085,16848000,5.24163722991943,"000266_1017721_sc",33.85972,65.546532
1229400,NA,"Russia","Europe","MODIS",1,0,0.19,2.12,1.39,0.95,0,3,5.1,1.774,6.2,88,5.49,240.4,80352000,0.485388159751892,80352000,4.79516506195068,"000266_1017721_sc",33.252083,65.513825
1229423,NA,"Russia","Europe","MODIS",1,0,0.57,4.61,1.73,2.06,0,3,3.6,0.017,1401.3,42,1.92,2.8,18160848000,0.591888308525085,18160848000,5.24163722991943,"000266_1017721_sc",33.992055,65.512065
1229580,NA,"Russia","Europe","MODIS",1,0,0.21,2.37,1.46,0.53,0,3,2.5,9.638,0.6,36,1.24,1373.2,7776000,0.591888308525085,7776000,5.24163722991943,"000266_1017721_sc",34.021655,65.496819
1229730,NA,"Russia","Europe","MODIS",1,0,0.21,1.92,1.19,0.47,0,3,2.3,0.003,1803.3,39,1,0.5,23370768000,0.591888308525085,23370768000,5.24163722991943,"000266_1017721_sc",34.096875,65.482297
1229827,NA,"Russia","Europe","MODIS",1,0,0.12,1.4,1.13,0.45,0,3,3.6,0.228,22.7,81,3.11,31.9,294192000,0.485388159751892,294192000,4.79516506195068,"000266_1017721_sc",33.299157,65.471832
1229922,NA,"Russia","Europe","MODIS",1,0,0.8,4.67,1.47,4.46,0,3,5.6,0.004,12891.3,83,4.16,0.5,167071248000,0.485388159751892,167071248000,4.79516506195068,"000266_1017721_sc",33.15625,65.464746
124604,NA,"Russia","Europe","MODIS",1,0,2.33,8.78,1.62,46.56,0,3,20,12.824,42,107,12.6,980.6,544320000,-8.92793083190918,544320000,6.70563697814941,"000267_1001625_sc",59.815625,75.067765
124612,NA,"Russia","Europe","MODIS",1,0,1.15,8.39,2.21,17.7,0,3,15.4,3.78,54.2,168,11.91,286.9,702432000,-8.92793083190918,702432000,6.70563697814941,"000267_1001625_sc",59.405208,74.969825
1124351,NA,"Russia","Europe","MODIS",1,0,0.27,3.27,1.76,1.24,0,3,4.5,0.101,142.6,526,3.84,7.8,1848096000,-8.92793083190918,1848096000,6.70563697814941,"000267_1001625_sc",59.748958,75.199011
1124466,NA,"Russia","Europe","MODIS",1,0,0.75,5.9,1.92,3.49,0,3,4.7,0.743,54.3,393,2.95,56.8,703728000,-8.92793083190918,703728000,6.70563697814941,"000267_1001625_sc",59.692708,75.167632
1124515,NA,"Russia","Europe","MODIS",1,0,0.1,1.58,1.41,0.34,0,3,3.4,0.266,14.8,465,2.88,20.4,191808000,-8.92793083190918,191808000,6.70563697814941,"000267_1001625_sc",59.598215,75.153163
1124516,NA,"Russia","Europe","MODIS",1,0,0.1,1.33,1.22,0.53,0,3,5.5,0.816,7.5,426,8.08,62.5,97200000,-8.92793083190918,97200000,6.70563697814941,"000267_1001625_sc",59.690625,75.153248
1124620,NA,"Russia","Europe","MODIS",1,0,0.1,1.33,1.22,0.55,0,3,5.8,0.737,8.6,473,8.74,56.7,111456000,-8.92793083190918,111456000,6.70563697814941,"000267_1001625_sc",59.517708,75.120969
1124656,NA,"Russia","Europe","MODIS",1,0,0.14,1.94,1.45,1.12,0,3,7.9,7.356,1.8,322,14.73,563.5,23328000,-8.92793083190918,23328000,6.70563697814941,"000267_1001625_sc",59.686606,75.105137
1124852,NA,"Russia","Europe","MODIS",1,0,0.14,2.2,1.64,1.07,0,3,7.5,3.19,3.9,269,13.16,248,50544000,-8.92793083190918,50544000,6.70563697814941,"000267_1001625_sc",59.254416,74.987604
145217,NA,"Sweden","Europe","ECRINS",1,0,1.28,6.52,1.62,9.31,0,3,7.3,1.235,87.2,248,4.71,113.2,1130112000,1.21866607666016,1130112000,4.90105390548706,"000268_1019603_sc",20.201661,65.171285
145273,NA,"Sweden","Europe","ECRINS",1,0,1.09,9.21,2.49,4.61,0,3,4.2,0.691,77.2,212,2.62,64.2,1000512000,1.21866607666016,1000512000,4.90105390548706,"000268_1019603_sc",20.43677,65.140223
145322,NA,"Sweden","Europe","ECRINS",1,0,1.57,6.15,1.38,8.49,0,3,5.4,0.997,98.6,200,3.08,92.8,1277856000,1.21866607666016,1277856000,4.90105390548706,"000268_1019603_sc",20.486826,65.1077
145438,NA,"Sweden","Europe","ECRINS",1,0,1.25,6.14,1.55,8.19,0,3,6.6,0.041,2312.8,157,4.23,3.9,29973888000,1.21866607666016,29973888000,4.90105390548706,"000268_1019603_sc",20.439445,65.050339
145603,NA,"Sweden","Europe","ECRINS",1,0,3.24,15.99,2.51,18.08,0,3,5.6,5.79,36.1,134,2.49,536,467856000,1.21866607666016,467856000,4.90105390548706,"000268_1019603_sc",20.565745,64.964839
1233035,NA,"Sweden","Europe","ECRINS",1,0,0.14,2.14,1.62,0.37,0,3,2.7,0.55,7.8,211,1.6,51.2,101088000,1.21866607666016,101088000,4.90105390548706,"000268_1019603_sc",20.408676,65.149144
1233230,NA,"Sweden","Europe","ECRINS",1,0,0.14,2.71,2.05,0.41,0,3,2.9,0.831,5.7,205,1.91,77.3,73872000,1.21866607666016,73872000,4.90105390548706,"000268_1019603_sc",20.453125,65.13102
1233324,NA,"Sweden","Europe","ECRINS",1,0,0.3,3.51,1.79,0.9,0,3,3,0.905,11.5,211,1.52,84.2,149040000,1.21866607666016,149040000,4.90105390548706,"000268_1019603_sc",20.468155,65.123037
1233973,NA,"Sweden","Europe","ECRINS",1,0,0.19,2.62,1.7,0.56,0,3,2.9,0.47,13.7,267,1.75,43.7,177552000,1.21866607666016,177552000,4.90105390548706,"000268_1019603_sc",20.179599,65.06285
1234032,NA,"Sweden","Europe","ECRINS",1,0,0.2,3.6,2.29,0.58,0,3,2.9,0.643,10.5,249,1.72,59.7,136080000,1.21866607666016,136080000,4.90105390548706,"000268_1019603_sc",20.253125,65.056078
1234767,NA,"Sweden","Europe","ECRINS",1,0,0.18,1.83,1.2,0.42,0,3,2.3,5.428,0.9,144,1.06,500.6,11664000,1.21866607666016,11664000,4.90105390548706,"000268_1019603_sc",20.606929,64.989135
11746,NA,"Russia","Europe","MODIS",1,0,29.41,49.99,2.6,133.09,0,3,4.5,3.497,440.5,148,1.43,387.5,5708880000,0.719219624996185,5708880000,6.3093318939209,"000270_1014045_sc",37.98588,66.379264
142803,NA,"Russia","Europe","MODIS",1,0,6.14,11.97,1.36,23.63,0,3,3.8,3.338,81.9,148,1.28,385.7,1061424000,0.719219624996185,1061424000,6.3093318939209,"000270_1014045_sc",38.074446,66.380658
143051,NA,"Russia","Europe","MODIS",1,0,3.48,12.35,1.87,13.01,0,3,3.7,0.512,294.1,126,1.51,65.8,3811536000,0.719219624996185,3811536000,5.87038731575012,"000270_1014045_sc",37.969271,66.257664
143069,NA,"Russia","Europe","MODIS",1,0,4.71,17.2,2.24,44.25,0,3,9.4,10.6,48.3,100,4.02,1155,625968000,0.719219624996185,625968000,5.87038731575012,"000270_1014045_sc",37.752083,66.248437
136444,NA,"Russia","Europe","MODIS",1,0,6.6,22.99,2.52,12.16,0,3,1.8,4.918,28.6,6,0.52,401.1,370656000,-5.09132289886475,370656000,6.47662329673767,"000271_1006723_sc",58.314537,68.784312
136742,NA,"Russia","Europe","MODIS",1,0,1.58,9.27,2.08,2.85,0,3,1.8,0.349,94.4,11,0.84,28.6,1223424000,-4.23107099533081,1223424000,5.84094285964966,"000271_1006723_sc",58.338408,68.711454
136823,NA,"Russia","Europe","MODIS",1,0,7.17,24.79,2.61,57.65,0,3,8,3.799,175.6,10,2.89,301.2,2275776000,-4.23107099533081,2275776000,5.84094285964966,"000271_1006723_sc",58.305154,68.692713
136951,NA,"Russia","Europe","MODIS",1,0,4.35,10.25,1.39,9.52,0,3,2.2,0.226,487.6,12,0.74,19.5,6319296000,-4.23107099533081,6319296000,5.84094285964966,"000271_1006723_sc",58.644989,68.663485
136976,NA,"Russia","Europe","MODIS",1,0,5.44,18.54,2.24,5.41,0,3,1,0.755,82.9,8,0.27,64.3,1074384000,-4.23107099533081,1074384000,5.84094285964966,"000271_1006723_sc",58.588542,68.659344
1186392,NA,"Russia","Europe","MODIS",1,0,0.47,3.09,1.27,0.93,0,3,2,0.554,19.5,8,0.59,47.6,252720000,-5.09132289886475,252720000,7.11230373382568,"000271_1006723_sc",58.299219,68.833569
1187143,NA,"Russia","Europe","MODIS",1,0,0.34,3.45,1.68,0.28,0,3,0.8,4.953,0.7,6,0.11,404.5,9072000,-5.09132289886475,9072000,7.11230373382568,"000271_1006723_sc",58.305208,68.796955
1188137,NA,"Russia","Europe","MODIS",1,0,0.16,2.01,1.42,0.25,0,3,1.6,0.02,143.3,8,0.49,1.7,1857168000,-5.09132289886475,1857168000,6.47662329673767,"000271_1006723_sc",58.405338,68.74911
1188281,NA,"Russia","Europe","MODIS",1,0,0.42,3.43,1.5,0.83,0,3,2,0.018,531.4,11,0.6,1.5,6886944000,-4.23107099533081,6886944000,6.47662329673767,"000271_1006723_sc",58.444792,68.741513
1190140,NA,"Russia","Europe","MODIS",1,0,0.16,1.71,1.21,0.08,0,3,0.5,0.705,1.3,8,0,60.2,16848000,-4.23107099533081,16848000,5.84094285964966,"000271_1006723_sc",58.597917,68.651227
1191449,NA,"Russia","Europe","MODIS",1,0,0.98,4.43,1.26,2.64,0,3,2.7,0.683,44.7,11,0.86,56.2,579312000,-4.23107099533081,579312000,5.84094285964966,"000271_1006723_sc",58.717448,68.587671
145280,NA,"Norway","Europe","Other",2,3059,7.48,31.88,3.29,158,158,2,21.1,3.996,457.6,505,9.23,87.6,5930496000,2.56681752204895,5930496000,6.00260925292969,"000272_1019597_sc",12.9823,65.131749
145304,NA,"Norway","Europe","ECRINS",1,0,1.4,7.11,1.7,12.72,0,3,9.1,0.328,448.8,602,5.94,7.2,5816448000,2.56681752204895,5816448000,6.00260925292969,"000272_1019597_sc",12.861938,65.116358
145313,NA,"Norway","Europe","ECRINS",1,0,1.15,8.53,2.24,14.95,0,3,13,0.414,418,139,9.71,8.9,5417280000,2.56681752204895,5417280000,6.00260925292969,"000272_1019597_sc",12.626042,65.113416
145360,NA,"Norway","Europe","ECRINS",1,0,1.29,8.79,2.18,13.38,0,3,10.4,0.648,239,260,7.14,14.9,3097440000,2.56681752204895,3097440000,6.00260925292969,"000272_1019597_sc",12.903388,65.087891
145473,NA,"Norway","Europe","ECRINS",1,0,4.51,19.39,2.58,124.09,0,3,27.5,14.978,95.9,70,14.54,330.2,1242864000,2.56681752204895,1242864000,6.00260925292969,"000272_1019597_sc",12.670278,65.031871
1232519,NA,"Norway","Europe","ECRINS",1,0,0.74,12.72,4.16,4.79,0,3,6.4,1.314,42.2,528,5.79,28.5,546912000,2.56681752204895,546912000,6.00260925292969,"000272_1019597_sc",12.990633,65.203629
1233177,NA,"Norway","Europe","ECRINS",1,0,0.1,1.89,1.65,0.68,0,3,6.5,0.138,56.9,105,11.03,3,737424000,2.56681752204895,737424000,6.00260925292969,"000272_1019597_sc",12.677303,65.13691
1233215,NA,"Norway","Europe","ECRINS",1,0,0.6,4.89,1.78,7.88,0,3,13.1,0.084,1086.4,14,27.22,1.8,14079744000,2.56681752204895,14079744000,6.00260925292969,"000272_1019597_sc",12.631062,65.132955
1233350,NA,"Norway","Europe","ECRINS",1,0,0.1,2.31,2.04,0.86,0,3,8.4,0.828,12,164,18.89,18,155520000,2.56681752204895,155520000,6.00260925292969,"000272_1019597_sc",12.707203,65.121002
1233594,NA,"Norway","Europe","ECRINS",1,0,0.95,9.25,2.68,8.25,0,3,8.7,6.244,15.3,309,10.08,137.9,198288000,2.56681752204895,198288000,6.00260925292969,"000272_1019597_sc",12.906661,65.09739
1233863,NA,"Norway","Europe","ECRINS",1,0,0.93,5.07,1.48,7.86,0,3,8.5,0.162,561.8,451,9.53,3.5,7280928000,2.56681752204895,7280928000,6.00260925292969,"000272_1019597_sc",12.622963,65.073488
1234446,NA,"Norway","Europe","ECRINS",1,0,0.4,3.92,1.75,2.54,0,3,6.4,0.66,44.6,219,6.85,14.3,578016000,2.56681752204895,578016000,6.00260925292969,"000272_1019597_sc",12.535317,65.016957
12455,NA,"Norway","Europe","Other",1,0,50.12,64.95,2.59,5074.54,0,3,101.3,22.408,2621.1,49,18.98,365,33969456000,4.18535041809082,33969456000,7.20037341117859,"000273_1032730_sc",6.11469,61.911826
153188,NA,"Norway","Europe","ECRINS",1,0,1.02,6.74,1.88,14.57,0,3,14.3,1.234,136.6,422,11.3,19.3,1770336000,6.72093296051025,1770336000,7.79330396652222,"000273_1032730_sc",6.174529,61.982388
153206,NA,"Norway","Europe","ECRINS",1,0,1.2,5.7,1.47,13.06,0,3,10.9,1.05,143.9,427,7.78,17,1864944000,4.18535041809082,1864944000,6.60744285583496,"000273_1032730_sc",6.270425,61.975216
1272036,NA,"Norway","Europe","ECRINS",1,0,0.12,1.44,1.2,0.8,0,3,6.9,0.133,69.3,519,12.11,2.1,898128000,6.72093296051025,898128000,7.79330396652222,"000273_1032730_sc",6.212008,62.004735
1272659,NA,"Norway","Europe","ECRINS",1,0,0.59,4.8,1.77,4.84,0,3,8.2,1.821,30.8,254,10.41,29.3,399168000,6.72093296051025,399168000,7.79330396652222,"000273_1032730_sc",6.232445,61.949299
1272676,NA,"Norway","Europe","ECRINS",1,0,0.18,2.18,1.46,1.34,0,3,7.6,2.056,7.5,278,12.69,32.1,97200000,6.72093296051025,97200000,7.79330396652222,"000273_1032730_sc",6.136025,61.947463
1272938,NA,"Norway","Europe","ECRINS",1,0,0.88,4.67,1.41,5.57,0,3,6.3,0.783,82.4,290,5.34,13.6,1067904000,4.18535041809082,1067904000,6.60744285583496,"000273_1032730_sc",6.594438,61.920447
153824,NA,"Norway","Europe","ECRINS",1,0,1.35,8.41,2.04,13.49,0,3,10,0.142,1099.3,1385,6.72,5.2,14246928000,4.18535041809082,14246928000,6.60744285583496,"000274_1034068_sc",7.912063,61.703334
154100,NA,"Norway","Europe","ECRINS",1,0,1.14,6.64,1.76,16.3,0,3,14.3,1.238,152.4,1012,10.93,46.5,1975104000,4.18535041809082,1975104000,6.60744285583496,"000274_1034068_sc",7.861632,61.571534
154103,NA,"Norway","Europe","ECRINS",1,0,1.73,7.9,1.69,40.65,0,3,23.5,0.893,526.9,823,16.92,24.6,6828624000,4.18535041809082,6828624000,6.60744285583496,"000274_1034068_sc",7.553125,61.569696
154147,NA,"Norway","Europe","ECRINS",1,0,1.02,7.55,2.11,11.7,0,3,11.5,0.873,155.2,1298,8.79,33.2,2011392000,4.18535041809082,2011392000,6.60744285583496,"000274_1034068_sc",7.869815,61.543691
1274923,NA,"Norway","Europe","ECRINS",1,0,0.3,3.84,1.99,1.55,0,3,5.2,0.166,107.9,1380,4.94,5.8,1398384000,4.18535041809082,1398384000,6.60744285583496,"000274_1034068_sc",7.887102,61.710906
1275499,NA,"Norway","Europe","ECRINS",1,0,0.53,3.97,1.54,4.63,0,3,8.7,0.476,112.7,1195,12.1,12.3,1460592000,4.18535041809082,1460592000,6.60744285583496,"000274_1034068_sc",7.529391,61.657553
1275527,NA,"Norway","Europe","ECRINS",1,0,0.59,3.94,1.45,5.58,0,3,9.4,0.315,204.9,1255,13.7,9.9,2655504000,4.18535041809082,2655504000,6.60744285583496,"000274_1034068_sc",7.722939,61.654521
1275746,NA,"Norway","Europe","ECRINS",1,0,0.16,3,2.11,0.99,0,3,6.1,4.435,2.6,843,8.42,120.5,33696000,4.18535041809082,33696000,6.60744285583496,"000274_1034068_sc",7.579652,61.63062
1276280,NA,"Norway","Europe","ECRINS",1,0,0.1,1.75,1.6,0.54,0,3,5.7,2.779,2.3,971,8.62,103.7,29808000,4.18535041809082,29808000,6.60744285583496,"000274_1034068_sc",7.833103,61.562645
1276391,NA,"Norway","Europe","ECRINS",1,0,0.11,2.09,1.79,0.55,0,3,5.1,0.912,7,1284,6.47,34.7,90720000,4.18535041809082,90720000,6.60744285583496,"000274_1034068_sc",7.860417,61.547479
1276487,NA,"Norway","Europe","ECRINS",1,0,0.97,5.3,1.52,6.68,0,3,6.9,0.331,233.7,1014,6.15,9.4,3028752000,4.18535041809082,3028752000,6.60744285583496,"000274_1034068_sc",7.542317,61.535396
1276788,NA,"Norway","Europe","ECRINS",1,0,0.59,3.54,1.3,5.7,0,3,9.6,14.027,4.7,10,14.37,490.4,60912000,4.18535041809082,60912000,6.60744285583496,"000274_1034068_sc",7.610537,61.489589
138681,NA,"Norway","Europe","ECRINS",1,0,6.59,16.19,1.78,184.6,0,3,28,1.005,2126,709,13,36.8,27552960000,-0.238922491669655,27552960000,5.36758184432983,"000276_1008467_sc",17.767708,68.199188
138776,NA,"Norway","Europe","ECRINS",1,0,1.6,8.11,1.81,19.89,0,3,12.5,0.251,917.3,690,8.22,8.9,11888208000,-0.238922491669655,11888208000,5.36758184432983,"000276_1008467_sc",17.430208,68.167621
138913,NA,"Norway","Europe","ECRINS",1,0,2.31,8.6,1.6,24.23,0,3,10.5,0.617,454.6,603,5.91,22.1,5891616000,-0.238922491669655,5891616000,5.36758184432983,"000276_1008467_sc",17.489111,68.129657
138943,NA,"Norway","Europe","ECRINS",1,0,1.05,5.03,1.38,10.83,0,3,10.3,0.257,487.8,1090,7.59,10.5,6321888000,-0.238922491669655,6321888000,5.36758184432983,"000276_1008467_sc",17.90625,68.119743
139150,NA,"Norway","Europe","ECRINS",1,0,1.58,6.11,1.37,22.01,0,3,13.9,0.179,1423.4,870,9.41,6.7,18447264000,-0.238922491669655,18447264000,5.36758184432983,"000276_1008467_sc",17.697917,68.071219
139314,NA,"Norway","Europe","ECRINS",1,0,2.54,15.37,2.72,17.09,0,3,6.7,0.969,204.2,939,3.39,43.7,2646432000,-0.238922491669655,2646432000,5.36758184432983,"000276_1008467_sc",17.940473,68.023913
1198445,NA,"Norway","Europe","ECRINS",1,0,0.13,1.98,1.57,0.54,0,3,4.3,2.576,2.4,683,4.3,121,31104000,-0.238922491669655,31104000,5.36758184432983,"000276_1008467_sc",18.053301,68.188905
1198753,NA,"Norway","Europe","ECRINS",1,0,0.31,2.87,1.46,1.35,0,3,4.4,4.937,3.2,632,3.46,238.6,41472000,-0.238922491669655,41472000,5.36758184432983,"000276_1008467_sc",17.899409,68.169851
1199338,NA,"Norway","Europe","ECRINS",1,0,0.23,2.47,1.44,1.19,0,3,5.1,0.074,185.8,603,5.03,2.6,2407968000,-0.238922491669655,2407968000,5.36758184432983,"000276_1008467_sc",17.462675,68.132728
1199429,NA,"Norway","Europe","ECRINS",1,0,0.14,1.89,1.43,0.78,0,3,5.6,0.626,14.5,928,7.44,26.2,187920000,-0.238922491669655,187920000,5.36758184432983,"000276_1008467_sc",17.975477,68.127425
1200213,NA,"Norway","Europe","ECRINS",1,0,0.31,2.83,1.43,2,0,3,6.5,0.036,644.5,870,7.69,1.4,8352720000,-0.238922491669655,8352720000,5.36758184432983,"000276_1008467_sc",17.649822,68.078851
1200773,NA,"Sweden","Europe","ECRINS",1,0,0.45,3.63,1.53,2.09,0,3,4.7,0.093,259.6,973,3.49,4.5,3364416000,-0.238922491669655,3364416000,5.36758184432983,"000276_1008467_sc",18.023958,68.04592
149483,NA,"Sweden","Europe","ECRINS",1,0,1.64,10.04,2.21,10.39,0,3,6.4,0.316,380.5,274,3.68,26.7,4931280000,3.55285024642944,4931280000,5.23680400848389,"000277_1027384_sc",17.700082,63.43151
149514,NA,"Sweden","Europe","ECRINS",1,0,1.85,7.36,1.53,21.9,0,3,11.8,0.39,650,241,7.35,31.7,8.424e+09,3.55285024642944,8.424e+09,5.23680400848389,"000277_1027384_sc",17.417157,63.413188
149569,NA,"Sweden","Europe","ECRINS",1,0,1.3,6.77,1.67,10.35,0,3,8,1.87,64.1,171,5.2,157.9,830736000,3.55285024642944,830736000,5.23680400848389,"000277_1027384_sc",17.767141,63.381474
149610,NA,"Sweden","Europe","ECRINS",1,0,4.8,15.28,1.97,48.05,0,3,10,0.188,2957.9,295,4.32,16.5,38334384000,3.55285024642944,38334384000,5.23680400848389,"000277_1027384_sc",17.594796,63.353923
149635,NA,"Sweden","Europe","ECRINS",1,0,1.47,7.08,1.65,11.43,0,3,7.8,1.162,113.8,123,4.84,102.3,1474848000,3.55285024642944,1474848000,5.23680400848389,"000277_1027384_sc",18.017669,63.334304
149648,NA,"Sweden","Europe","ECRINS",1,0,6.03,19.19,2.2,67.02,0,3,11.1,0.783,990.6,185,4.5,69.4,12838176000,3.55285024642944,12838176000,5.23680400848389,"000277_1027384_sc",17.922917,63.329401
149675,NA,"Sweden","Europe","ECRINS",1,0,1.48,8.19,1.9,8.45,0,3,5.7,0.322,303.9,257,3.36,28.5,3938544000,3.55285024642944,3938544000,5.23680400848389,"000277_1027384_sc",17.779447,63.314395
149725,NA,"Sweden","Europe","ECRINS",1,0,3.55,18.72,2.8,33.54,0,3,9.5,0.414,937.7,183,4.48,35.3,12152592000,3.55285024642944,12152592000,5.23680400848389,"000277_1027384_sc",18.100329,63.275188
149744,NA,"Sweden","Europe","ECRINS",1,0,3.55,13.58,2.03,43.62,0,3,12.3,7.983,63.2,59,6.1,660.6,819072000,3.55285024642944,819072000,5.23680400848389,"000277_1027384_sc",18.310117,63.262597
149798,NA,"Sweden","Europe","ECRINS",1,0,2.75,9.08,1.55,25.37,0,3,9.2,0.035,8390.3,28,4.76,2.9,108738288000,3.55285024642944,108738288000,5.23680400848389,"000277_1027384_sc",18.370438,63.231649
149804,NA,"Sweden","Europe","ECRINS",1,0,5.97,23.84,2.75,58.52,0,3,9.8,1.243,544.9,189,3.9,104.2,7061904000,3.55285024642944,7061904000,5.23680400848389,"000277_1027384_sc",18.165625,63.229329
1255696,NA,"Sweden","Europe","ECRINS",1,0,0.55,4.15,1.58,3.23,0,3,5.9,1.672,22.4,191,5.31,138.9,290304000,3.55285024642944,290304000,5.23680400848389,"000277_1027384_sc",17.774358,63.436973
1256166,NA,"Sweden","Europe","ECRINS",1,0,0.66,5.81,2.01,3.76,0,3,5.7,1.406,31,194,4.61,117.2,401760000,3.55285024642944,401760000,5.23680400848389,"000277_1027384_sc",17.647268,63.392039
1256207,NA,"Sweden","Europe","ECRINS",1,0,0.88,6.09,1.83,5.68,0,3,6.4,0.073,900.4,253,5.49,6.1,11669184000,3.55285024642944,11669184000,5.23680400848389,"000277_1027384_sc",17.448012,63.388344
1257451,NA,"Sweden","Europe","ECRINS",1,0,0.79,4.28,1.36,5.56,0,3,7,0.015,4290.8,61,6.8,1.3,55608768000,3.55285024642944,55608768000,5.23680400848389,"000277_1027384_sc",18.277284,63.244838
1257683,NA,"Sweden","Europe","ECRINS",1,0,0.52,3.91,1.53,2.52,0,3,4.9,0.894,32.6,201,3.62,75.5,422496000,3.55285024642944,422496000,5.23680400848389,"000277_1027384_sc",18.105316,63.217236
147285,NA,"Russia","Europe","MODIS",1,0,2.23,8.73,1.65,8.93,0,3,4,0.392,263.7,27,1.92,46.4,3417552000,0.591888308525085,3417552000,5.24163722991943,"000282_1024382_sc",35.646615,64.159215
147388,NA,"Russia","Europe","MODIS",1,0,1.1,4.95,1.33,1.8,0,3,1.6,0.869,24,8,0.85,103,311040000,0.591888308525085,311040000,5.24163722991943,"000282_1024382_sc",35.961458,64.119759
147493,NA,"Russia","Europe","MODIS",1,0,1.62,6.18,1.37,5.42,0,3,3.3,13.711,4.6,22,1.73,1619.4,59616000,0.591888308525085,59616000,5.24163722991943,"000282_1024382_sc",35.713542,64.078053
147708,NA,"Russia","Europe","MODIS",1,0,1.37,5.04,1.21,3.49,0,3,2.5,10.358,3.9,42,1.33,1214.1,50544000,0.591888308525085,50544000,5.24163722991943,"000282_1024382_sc",35.555751,63.989219
147809,NA,"Russia","Europe","MODIS",1,0,1.31,5.69,1.4,2.95,0,3,2.3,0.326,104.7,51,1.17,37,1356912000,0.591888308525085,1356912000,5.24163722991943,"000282_1024382_sc",35.586617,63.950953
1245706,NA,"Russia","Europe","MODIS",1,0,0.38,2.32,1.06,0.73,0,3,1.9,0.934,9,38,0.57,108.2,116640000,0.591888308525085,116640000,5.24163722991943,"000282_1024382_sc",35.46461,64.102231
155255,NA,"Norway","Europe","ECRINS",1,0,2.91,12.23,2.02,33.82,0,3,11.6,0.373,1049.3,1492,6.14,12.7,13598928000,3.56384658813477,13598928000,6.16135931015015,"000283_1037112_sc",7.610409,60.868742
155266,NA,"Norway","Europe","Other",1,0,1.71,8.56,1.85,59.59,0,3,34.9,23.497,29.4,38,27.08,684.2,381024000,3.56384658813477,381024000,6.16135931015015,"000283_1037112_sc",7.273989,60.862384
155368,NA,"Norway","Europe","ECRINS",1,0,1.67,11.84,2.59,32.31,0,3,19.4,0.588,635.9,1326,13.63,17.4,8241264000,3.56384658813477,8241264000,6.16135931015015,"000283_1037112_sc",7.454556,60.800227
155428,NA,"Norway","Europe","ECRINS",2,3104,3.88,16.92,2.42,204,204,2,52.6,1.128,2093.2,894,29.98,28.3,27127872000,3.56384658813477,27127872000,6.16135931015015,"000283_1037112_sc",7.216048,60.767736
155472,NA,"Norway","Europe","ECRINS",1,0,2.18,7.32,1.4,39.81,0,3,18.3,3.46,133.2,1130,11.57,105.3,1726272000,3.56384658813477,1726272000,6.16135931015015,"000283_1037112_sc",7.56612,60.742774
155477,NA,"Norway","Europe","ECRINS",1,0,1,5.97,1.68,10.18,0,3,10.1,0.242,486.7,1439,7.58,7,6307632000,3.56384658813477,6307632000,6.16135931015015,"000283_1037112_sc",7.469221,60.74093
155492,NA,"Norway","Europe","ECRINS",1,0,2.63,8.05,1.4,65.79,0,3,25,0.654,1164.2,1422,15.7,19.3,15088032000,3.56384658813477,15088032000,6.16135931015015,"000283_1037112_sc",7.522063,60.732858
155500,NA,"Norway","Europe","ECRINS",1,0,1.1,4.44,1.19,7.59,0,3,6.9,0.881,99.7,1253,4.64,24.3,1292112000,3.56384658813477,1292112000,6.16135931015015,"000283_1037112_sc",7.36875,60.728191
155513,NA,"Norway","Europe","ECRINS",1,0,4.95,14.45,1.83,108.7,0,3,22,0.874,1439.4,1422,10.8,25.3,18654624000,3.56384658813477,18654624000,6.16135931015015,"000283_1037112_sc",7.522902,60.718696
155535,NA,"Norway","Europe","ECRINS",1,0,1.59,15.33,3.43,12.19,0,3,7.7,0.381,370.2,1445,4.66,10.5,4797792000,3.56384658813477,4797792000,6.16135931015015,"000283_1037112_sc",7.383001,60.709092
1280900,NA,"Norway","Europe","ECRINS",1,0,0.2,2.25,1.44,0.8,0,3,4.1,0.408,22.8,1428,3.48,12.5,295488000,3.56384658813477,295488000,6.16135931015015,"000283_1037112_sc",7.48125,60.919373
1281078,NA,"Norway","Europe","ECRINS",1,0,0.65,3.29,1.15,3.42,0,3,5.3,0.367,107.9,1403,3.99,12.4,1398384000,3.56384658813477,1398384000,6.16135931015015,"000283_1037112_sc",7.602083,60.897917
1281302,NA,"Norway","Europe","ECRINS",1,0,0.13,2.8,2.18,0.69,0,3,5.2,1.84,4.3,1281,6.5,60.5,55728000,3.56384658813477,55728000,6.16135931015015,"000283_1037112_sc",7.532473,60.868688
1281589,NA,"Norway","Europe","ECRINS",1,0,0.1,2.59,2.36,0.76,0,3,7.9,11.423,0.8,794,16.69,370.6,10368000,3.56384658813477,10368000,6.16135931015015,"000283_1037112_sc",7.481563,60.828661
1281598,NA,"Norway","Europe","ECRINS",1,0,0.33,2.46,1.21,2.28,0,3,6.9,8.685,3,808,8.65,283.2,38880000,3.56384658813477,38880000,6.16135931015015,"000283_1037112_sc",7.490746,60.826697
1281921,NA,"Norway","Europe","ECRINS",1,0,0.88,7.07,2.12,7.44,0,3,8.4,0.315,273.3,1449,9.56,8.2,3541968000,3.56384658813477,3541968000,6.16135931015015,"000283_1037112_sc",7.308857,60.783489
1282536,NA,"Norway","Europe","ECRINS",1,0,0.59,8.71,3.19,3.91,0,3,6.6,0.957,47.3,1215,6.49,29.2,613008000,3.56384658813477,613008000,6.16135931015015,"000283_1037112_sc",7.578054,60.697027
1200003,NA,"Russia","Europe","MODIS",1,0,0.13,1.51,1.17,0.22,0,3,1.7,0.47,5.4,8,0.62,37.5,69984000,-0.0123022841289639,69984000,6.40763711929321,"000287_1008587_sc",44.320486,68.091177
1200148,NA,"Russia","Europe","MODIS",1,0,0.41,2.5,1.11,2.26,0,3,5.6,0.37,70.8,194,5.2,31,917568000,-0.0123022841289639,917568000,6.40763711929321,"000287_1008587_sc",45.403125,68.082367
1200274,NA,"Russia","Europe","MODIS",1,0,0.41,2.92,1.28,1.53,0,3,3.7,0.028,631.4,18,2.18,2.2,8182944000,-0.0123022841289639,8182944000,6.40763711929321,"000287_1008587_sc",44.374393,68.07532
1120072,NA,"Norway","Europe","MODIS",1,0,0.47,3.15,1.29,5.87,0,3,12.4,0.001,67980.8,715,26.08,0.1,881031168000,-10.2956914901733,881031168000,6.09533166885376,"000289_1000614_sc",18.001042,78.919885
11762,NA,"Sweden","Europe","ECRINS",1,0,17.33,45.89,3.11,149.19,0,3,8.6,2.956,584.2,84,2.8,260.3,7571232000,-1.70891749858856,7571232000,4.21869277954102,"000290_1013700_sc",23.180288,66.281901
142290,NA,"Sweden","Europe","ECRINS",1,0,1.41,5.7,1.35,9.54,0,3,6.8,0.317,348.5,130,4.19,20.3,4516560000,-1.70891749858856,4516560000,4.21869277954102,"000290_1013700_sc",23.105208,66.630353
143184,NA,"Sweden","Europe","ECRINS",1,0,2.8,8.96,1.51,19.21,0,3,6.9,3.16,70.4,52,3.34,308.1,912384000,1.84889340400696,912384000,4.6542763710022,"000290_1013700_sc",23.221875,66.19436
143199,NA,"Sweden","Europe","ECRINS",1,0,1.68,9.22,2.01,10.2,0,3,6.1,0.633,186.6,75,3.46,50,2418336000,1.84889340400696,2418336000,4.6542763710022,"000290_1013700_sc",23.381044,66.186125
143364,NA,"Sweden","Europe","ECRINS",1,0,3.71,16.2,2.37,35.33,0,3,9.5,4.756,86,47,4.46,515.6,1114560000,1.84889340400696,1114560000,4.6542763710022,"000290_1013700_sc",23.311458,66.116
143409,NA,"Sweden","Europe","ECRINS",1,0,6.2,12.6,1.43,57.87,0,3,9.3,1.346,497.6,61,3.62,114.1,6448896000,1.84889340400696,6448896000,4.6542763710022,"000290_1013700_sc",23.464583,66.099228
143486,NA,"Sweden","Europe","ECRINS",1,0,3.55,8.92,1.34,26.7,0,3,7.5,1.538,200.9,35,3.43,131.2,2603664000,1.84889340400696,2603664000,4.6542763710022,"000290_1013700_sc",23.470217,66.066063
143565,NA,"Sweden","Europe","ECRINS",1,0,1.37,6.42,1.55,4.98,0,3,3.6,0.38,151.7,25,2.02,24.5,1966032000,1.84889340400696,1966032000,4.6542763710022,"000290_1013700_sc",23.516082,66.025823
143606,NA,"Sweden","Europe","ECRINS",1,0,1.21,6.13,1.57,3,0,3,2.5,5.88,5.9,19,1.35,717,76464000,1.84889340400696,76464000,4.6542763710022,"000290_1013700_sc",23.461653,66.007264
1217757,NA,"Sweden","Europe","ECRINS",1,0,0.2,2.18,1.38,0.81,0,3,4.1,0.184,50.7,118,3.39,11.9,657072000,-1.70891749858856,657072000,4.21869277954102,"000290_1013700_sc",23.14221,66.560843
1223930,NA,"Sweden","Europe","ECRINS",1,0,0.16,2.03,1.45,0.38,0,3,2.4,1.39,3.2,9,1.25,121.1,41472000,1.84889340400696,41472000,4.6542763710022,"000290_1013700_sc",23.122813,66.007905
1223979,NA,"Sweden","Europe","ECRINS",1,0,0.25,3.69,2.07,0.68,0,3,2.7,1.393,5.6,8,1.32,121.8,72576000,1.84889340400696,72576000,4.6542763710022,"000290_1013700_sc",23.12873,66.003834
145689,NA,"Russia","Europe","MODIS",1,0,9.6,22.83,2.08,110.23,0,3,11.5,1.886,676.5,39,3.97,349.8,8767440000,0.797908663749695,8767440000,5.43144273757935,"000291_1020757_sc",37.024142,64.926032
145718,NA,"Russia","Europe","MODIS",1,0,1.92,5.67,1.15,20.7,0,3,10.8,0.483,496.1,43,6.5,81.8,6429456000,0.797908663749695,6429456000,5.43144273757935,"000291_1020757_sc",37.278845,64.916252
146240,NA,"Russia","Europe","MODIS",1,0,9.41,21.41,1.97,56.37,0,3,6,0.38,1716.8,108,1.85,59.2,22249728000,0.797908663749695,22249728000,5.43144273757935,"000291_1020757_sc",37.282292,64.655208
1237826,NA,"Russia","Europe","MODIS",1,0,0.28,2.41,1.28,1.25,0,3,4.4,2.371,6.1,82,3.62,387.7,79056000,0.797908663749695,79056000,5.43144273757935,"000291_1020757_sc",37.244792,64.740548
1238405,NA,"Russia","Europe","MODIS",1,0,0.19,1.99,1.28,0.76,0,3,3.9,1.722,5.1,106,3.19,275.6,66096000,0.797908663749695,66096000,5.43144273757935,"000291_1020757_sc",37.290625,64.692892
1238684,NA,"Russia","Europe","MODIS",1,0,0.1,1.42,1.27,0.32,0,3,3.2,0.688,5.5,125,2.63,105.1,71280000,0.797908663749695,71280000,5.43144273757935,"000291_1020757_sc",37.466335,64.666793
134758,NA,"Norway","Europe","ECRINS",1,0,1.87,7.7,1.59,24.38,0,3,13,0.225,1254.2,714,8.19,12.4,16254432000,1.41159892082214,16254432000,6.68163728713989,"000293_1005694_sc",20.264023,69.194159
134826,NA,"Norway","Europe","ECRINS",1,0,4.05,11.36,1.59,69.43,0,3,17.1,0.49,1640,691,8.62,26.9,21254400000,1.41159892082214,21254400000,6.68163728713989,"000293_1005694_sc",20.306288,69.177633
141003,NA,"Russia","Europe","MODIS",1,0,1.36,5.25,1.27,9.18,0,3,6.7,0.453,234.6,228,4.2,37.6,3040416000,0.950344383716583,3040416000,6.62455415725708,"000299_1011038_sc",40.239593,67.318851
1120816,NA,"Norway","Europe","MODIS",1,0,0.57,3.78,1.41,2.83,0,3,4.9,4.826,6.8,64,3.6,238.9,88128000,-5.65170907974243,88128000,6.52799844741821,"000304_1001194_sc",16.490625,77.471734
1120842,NA,"Norway","Europe","MODIS",1,0,0.1,1.37,1.19,0.23,0,3,2.2,6.025,0.4,11,1.14,265.2,5184000,-5.65170907974243,5184000,6.52799844741821,"000304_1001194_sc",16.299394,77.434594
1120859,NA,"Norway","Europe","MODIS",1,0,0.32,2.55,1.28,1.75,0,3,5.6,5.443,3.7,66,5.59,243.7,47952000,-5.65170907974243,47952000,6.52799844741821,"000304_1001194_sc",16.353125,77.394944
